{"lastInput":{"dependencies":["meteor-base","mobile-experience","mongo","blaze-html-templates","reactive-var","jquery","tracker","standard-minifier-css","standard-minifier-js","es5-shim","ecmascript","shell-server","kadira:flow-router","kadira:blaze-layout","erasaur:meteor-lodash","spiderable","fastclick","aldeed:collection2","aldeed:autoform","msavin:jetsetter","zimme:active-route","autopublish","insecure"],"constraints":["meteor-base@1.0.4","mobile-experience@1.0.4","mongo@1.1.12","blaze-html-templates@1.0.4","reactive-var@1.0.10","jquery@1.11.9","tracker@1.1.0","standard-minifier-css@1.2.0","standard-minifier-js@1.2.0","es5-shim@4.6.14","ecmascript@0.5.8","shell-server@0.2.1","kadira:flow-router","kadira:blaze-layout","erasaur:meteor-lodash","spiderable","fastclick","aldeed:collection2","aldeed:autoform","msavin:jetsetter","zimme:active-route","autopublish@1.0.7","insecure@1.0.7"],"previousSolution":{"aldeed:autoform":"5.8.1","aldeed:collection2":"2.10.0","aldeed:collection2-core":"1.2.0","aldeed:schema-deny":"1.1.0","aldeed:schema-index":"1.1.0","aldeed:simple-schema":"1.5.3","allow-deny":"1.0.5","autopublish":"1.0.7","autoupdate":"1.2.11","babel-compiler":"6.9.1","babel-runtime":"0.1.11","base64":"1.0.9","binary-heap":"1.0.9","blaze":"2.1.8","blaze-html-templates":"1.0.4","blaze-tools":"1.0.9","boilerplate-generator":"1.0.9","caching-compiler":"1.0.6","caching-html-compiler":"1.0.6","callback-hook":"1.0.9","check":"1.2.3","coffeescript":"1.0.17","cosmos:browserify":"0.9.4","ddp":"1.2.5","ddp-client":"1.2.9","ddp-common":"1.2.6","ddp-server":"1.2.10","deps":"1.0.12","diff-sequence":"1.0.6","ecmascript":"0.5.8","ecmascript-runtime":"0.3.14","ejson":"1.0.12","erasaur:meteor-lodash":"4.0.0","es5-shim":"4.6.14","fastclick":"1.0.12","geojson-utils":"1.0.9","hot-code-push":"1.0.4","html-tools":"1.0.10","htmljs":"1.0.10","http":"1.1.8","id-map":"1.0.8","insecure":"1.0.7","jquery":"1.11.9","kadira:blaze-layout":"2.3.0","kadira:flow-router":"2.10.1","launch-screen":"1.0.12","livedata":"1.0.18","logging":"1.1.15","mdg:validation-error":"0.2.0","meteor":"1.2.17","meteor-base":"1.0.4","meteortoys:toykit":"2.2.1","minifier-css":"1.2.14","minifier-js":"1.2.14","minimongo":"1.0.17","mobile-experience":"1.0.4","mobile-status-bar":"1.0.12","modules":"0.7.6","modules-runtime":"0.7.6","momentjs:moment":"2.10.6","mongo":"1.1.12","mongo-id":"1.0.5","msavin:jetsetter":"1.5.2","npm-mongo":"1.5.49","observe-sequence":"1.0.12","ordered-dict":"1.0.8","promise":"0.8.7","raix:eventemitter":"0.1.3","random":"1.0.10","reactive-dict":"1.0.5","reactive-var":"1.0.10","reload":"1.1.10","retry":"1.0.8","routepolicy":"1.0.11","session":"1.0.5","shell-server":"0.2.1","spacebars":"1.0.12","spacebars-compiler":"1.0.12","spiderable":"1.0.13","standard-minifier-css":"1.2.0","standard-minifier-js":"1.2.0","templating":"1.1.14","templating-tools":"1.0.4","tracker":"1.1.0","ui":"1.0.11","underscore":"1.0.9","url":"1.0.10","webapp":"1.3.11","webapp-hashing":"1.0.9","zimme:active-route":"2.3.2"}},"lastOutput":{"neededToUseUnanticipatedPrereleases":false,"answer":{"aldeed:autoform":"5.8.1","aldeed:collection2":"2.10.0","aldeed:collection2-core":"1.2.0","aldeed:schema-deny":"1.1.0","aldeed:schema-index":"1.1.0","aldeed:simple-schema":"1.5.3","allow-deny":"1.0.5","autopublish":"1.0.7","autoupdate":"1.2.11","babel-compiler":"6.9.1","babel-runtime":"0.1.11","base64":"1.0.9","binary-heap":"1.0.9","blaze":"2.1.8","blaze-html-templates":"1.0.4","blaze-tools":"1.0.9","boilerplate-generator":"1.0.9","caching-compiler":"1.0.6","caching-html-compiler":"1.0.6","callback-hook":"1.0.9","check":"1.2.3","coffeescript":"1.0.17","cosmos:browserify":"0.9.4","ddp":"1.2.5","ddp-client":"1.2.9","ddp-common":"1.2.6","ddp-server":"1.2.10","deps":"1.0.12","diff-sequence":"1.0.6","ecmascript":"0.5.8","ecmascript-runtime":"0.3.14","ejson":"1.0.12","erasaur:meteor-lodash":"4.0.0","es5-shim":"4.6.14","fastclick":"1.0.12","geojson-utils":"1.0.9","hot-code-push":"1.0.4","html-tools":"1.0.10","htmljs":"1.0.10","http":"1.1.8","id-map":"1.0.8","insecure":"1.0.7","isobuild:compiler-plugin":"1.0.0","isobuild:isopack-2":"1.0.0","isobuild:minifier-plugin":"1.0.0","jquery":"1.11.9","kadira:blaze-layout":"2.3.0","kadira:flow-router":"2.10.1","launch-screen":"1.0.12","livedata":"1.0.18","logging":"1.1.15","mdg:validation-error":"0.2.0","meteor":"1.2.17","meteor-base":"1.0.4","meteortoys:toykit":"2.2.1","minifier-css":"1.2.14","minifier-js":"1.2.14","minimongo":"1.0.17","mobile-experience":"1.0.4","mobile-status-bar":"1.0.12","modules":"0.7.6","modules-runtime":"0.7.6","momentjs:moment":"2.10.6","mongo":"1.1.12","mongo-id":"1.0.5","msavin:jetsetter":"1.5.2","npm-mongo":"1.5.49","observe-sequence":"1.0.12","ordered-dict":"1.0.8","promise":"0.8.7","raix:eventemitter":"0.1.3","random":"1.0.10","reactive-dict":"1.0.5","reactive-var":"1.0.10","reload":"1.1.10","retry":"1.0.8","routepolicy":"1.0.11","session":"1.0.5","shell-server":"0.2.1","spacebars":"1.0.12","spacebars-compiler":"1.0.12","spiderable":"1.0.13","standard-minifier-css":"1.2.0","standard-minifier-js":"1.2.0","templating":"1.1.14","templating-tools":"1.0.4","tracker":"1.1.0","ui":"1.0.11","underscore":"1.0.9","url":"1.0.10","webapp":"1.3.11","webapp-hashing":"1.0.9","zimme:active-route":"2.3.2"}}}
