{"metadata":{"usedHelpers":[],"marked":[],"modules":{"imports":[],"exports":{"exported":[],"specifiers":[]}}},"options":{"filename":"/client/js/EditEmployee.js","filenameRelative":"/client/js/EditEmployee.js","env":{},"retainLines":false,"highlightCode":true,"suppressDeprecationMessages":false,"presets":[],"plugins":[[[],{"polyfill":false}],[[],null],[[],null],[[],null],[[],null],[[],null],[[],null],[[],null],[[],null],[[],null],[[],null],[[],null],[[],null],[[],null],[[],null],[[],null],[[],{"loose":true}],[[],{"loose":true}],[[],null],[[],{"loose":true}],[[],null],[[],null],[[],null],[[],null],[[],null],[[],null],[[],null],[[],{"loose":true}],[[],null],[[],null],[[],null],[[],null],[[],null],[[],null],[[],null],[[],null]],"ignore":[],"code":true,"metadata":true,"ast":false,"comments":true,"compact":false,"minified":false,"sourceMap":true,"sourceMaps":true,"sourceMapTarget":"/client/js/EditEmployee.js.map","sourceFileName":"/client/js/EditEmployee.js","babelrc":false,"sourceType":"module","moduleIds":false,"passPerPreset":false,"basename":"EditEmployee"},"ignored":false,"code":"Template.EditEmployee.onCreated(function () {\n    var self = this;\n    self.autorun(function () {\n        self.subscribe('employee');\n    });\n});\n\n// Template.EditEmployee.events({\n//\n// });\n\nTemplate.EditEmployee.events({\n    click: function () {\n        function click() {\n            return Employee.find();\n            console.log('I clicked something');\n        }\n\n        return click;\n    }()\n});\n\n// Template.EditEmployee.helpers({\n//\n// });\n\nTemplate.EditEmployee.helpers({\n    employee: function () {\n        function employee() {\n            return Employee.find();\n        }\n\n        return employee;\n    }()\n});","ast":null,"map":{"version":3,"sources":["/client/js/EditEmployee.js"],"names":[],"mappings":"AAAA,SAAS,YAAT,CAAsB,SAAtB,CAAgC,YAAU;AACtC,QAAI,OAAO,IAAX;AACA,SAAK,OAAL,CAAa,YAAU;AACnB,aAAK,SAAL,CAAe,UAAf;AACH,KAFD;AAGH,CALD;;;;;;AAYA,SAAS,YAAT,CAAsB,MAAtB,CAA6B;AACzB;AAAO,yBAAW;AAChB,mBAAO,SAAS,IAAT,EAAP;AACA,oBAAQ,GAAR,CAAY,qBAAZ;AACD;;AAHD;AAAA;AADyB,CAA7B;;;;;;AAWA,SAAS,YAAT,CAAsB,OAAtB,CAA8B;AAC1B;AAAU,4BAAW;AACnB,mBAAO,SAAS,IAAT,EAAP;AACD;;AAFD;AAAA;AAD0B,CAA9B","file":"/client/js/EditEmployee.js.map","sourcesContent":["Template.EditEmployee.onCreated(function(){\n    var self = this;\n    self.autorun(function(){\n        self.subscribe('employee');\n    });\n});\n\n\n// Template.EditEmployee.events({\n//\n// });\n\nTemplate.EditEmployee.events({\n    click: function() {\n      return Employee.find();\n      console.log('I clicked something');\n    }\n  });\n\n// Template.EditEmployee.helpers({\n//\n// });\n\nTemplate.EditEmployee.helpers({\n    employee: function() {\n      return Employee.find();\n    }\n});\n"]},"hash":"00b9317d64a221e30320a75e4c7a0c2cd4476c1c"}
