{"metadata":{"usedHelpers":[],"marked":[],"modules":{"imports":[],"exports":{"exported":[],"specifiers":[]}}},"options":{"filename":"/lib/routes.js","filenameRelative":"/lib/routes.js","env":{},"retainLines":false,"highlightCode":true,"suppressDeprecationMessages":false,"presets":[],"plugins":[[[],{"polyfill":false}],[[],null],[[],null],[[],null],[[],null],[[],null],[[],null],[[],null],[[],null],[[],null],[[],null],[[],null],[[],null],[[],null],[[],{"loose":true}],[[],{"loose":true}],[[],null],[[],{"loose":true}],[[],null],[[],null],[[],null],[[],null],[[],null],[[],null],[[],null],[[],{"loose":true}],[[],null],[[],null],[[],null],[[],null],[[],null],[[],null],[[],null],[[],null]],"ignore":[],"code":true,"metadata":true,"ast":false,"comments":true,"compact":false,"minified":false,"sourceMap":true,"sourceMaps":true,"sourceMapTarget":"/lib/routes.js.map","sourceFileName":"/lib/routes.js","babelrc":false,"sourceType":"module","moduleIds":false,"passPerPreset":false,"basename":"routes"},"ignored":false,"code":"FlowRouter.route('/', {\n  name: 'home',\n  action: function action() {\n    BlazeLayout.render('home');\n  }\n});\n\nFlowRouter.route('/Add', {\n  name: 'Add New Employee',\n  action: function action() {\n    BlazeLayout.render('main', { main: 'AddNewEmployee' });\n  }\n});\nFlowRouter.route('/ManageDeptTitles', {\n  name: 'Manage Dept Titles',\n  action: function action() {\n    BlazeLayout.render('main', { main: 'ManageDeptandTitles' });\n  }\n});\n\nFlowRouter.route('/manage', {\n  name: 'Manage Existing Employee',\n  action: function action() {\n    BlazeLayout.render('main', { main: 'manageexistingemployee' });\n  }\n});","ast":null,"map":{"version":3,"sources":["/lib/routes.js"],"names":[],"mappings":"AAAA,WAAW,KAAX,CAAiB,GAAjB,EAAsB;AACtB,QAAM,MADgB;AAEtB,UAAQ,kBAAU;AAChB,gBAAY,MAAZ,CAAmB,MAAnB;AACD;AAJqB,CAAtB;;AAOA,WAAW,KAAX,CAAiB,MAAjB,EAAyB;AACvB,QAAM,kBADiB;AAEvB,UAAQ,kBAAW;AACjB,gBAAY,MAAZ,CAAmB,MAAnB,EAA2B,EAAC,MAAM,gBAAP,EAA3B;AACD;AAJsB,CAAzB;AAMA,WAAW,KAAX,CAAiB,mBAAjB,EAAsC;AACpC,QAAM,oBAD8B;AAEpC,UAAQ,kBAAW;AACjB,gBAAY,MAAZ,CAAmB,MAAnB,EAA2B,EAAC,MAAM,qBAAP,EAA3B;AACD;AAJmC,CAAtC;;AAOA,WAAW,KAAX,CAAiB,SAAjB,EAA4B;AAC1B,QAAM,0BADoB;AAE1B,UAAQ,kBAAW;AACjB,gBAAY,MAAZ,CAAmB,MAAnB,EAA2B,EAAC,MAAM,wBAAP,EAA3B;AACD;AAJyB,CAA5B","file":"/lib/routes.js.map","sourcesContent":["FlowRouter.route('/', {\nname: 'home',\naction: function(){\n  BlazeLayout.render('home');\n},\n});\n\nFlowRouter.route('/Add', {\n  name: 'Add New Employee',\n  action: function (){\n    BlazeLayout.render('main', {main: 'AddNewEmployee'});\n  },\n});\nFlowRouter.route('/ManageDeptTitles', {\n  name: 'Manage Dept Titles',\n  action: function (){\n    BlazeLayout.render('main', {main: 'ManageDeptandTitles'});\n  },\n});\n\nFlowRouter.route('/manage', {\n  name: 'Manage Existing Employee',\n  action: function (){\n    BlazeLayout.render('main', {main: 'manageexistingemployee'});\n  },\n});\n"]},"hash":"01c2b742e5ff9751ddc403ca4ce34996974b8a7e"}
