{"metadata":{"usedHelpers":[],"marked":[],"modules":{"imports":[],"exports":{"exported":[],"specifiers":[]}}},"options":{"filename":"/routes.js","filenameRelative":"/routes.js","env":{},"retainLines":false,"highlightCode":true,"suppressDeprecationMessages":false,"presets":[],"plugins":[[[],{"polyfill":false}],[[],null],[[],null],[[],null],[[],null],[[],null],[[],null],[[],null],[[],null],[[],null],[[],null],[[],null],[[],null],[[],null],[[],null],[[],null],[[],{"loose":true}],[[],{"loose":true}],[[],null],[[],{"loose":true}],[[],null],[[],null],[[],null],[[],null],[[],null],[[],null],[[],null],[[],{"loose":true}],[[],null],[[],null],[[],null],[[],null],[[],null],[[],null],[[],null],[[],null]],"ignore":[],"code":true,"metadata":true,"ast":false,"comments":true,"compact":false,"minified":false,"sourceMap":true,"sourceMaps":true,"sourceMapTarget":"/routes.js.map","sourceFileName":"/routes.js","babelrc":false,"sourceType":"module","moduleIds":false,"passPerPreset":false,"basename":"routes"},"ignored":false,"code":"// JavaScript Document","ast":null,"map":{"version":3,"sources":[],"names":[],"mappings":"","file":"/routes.js.map","sourcesContent":[]},"hash":"06ab75c2577bd8b5e6c1e16e74913a0f57b311af"}
