{"metadata":{"usedHelpers":[],"marked":[],"modules":{"imports":[],"exports":{"exported":[],"specifiers":[]}}},"options":{"filename":"/client/js/main.js","filenameRelative":"/client/js/main.js","env":{},"retainLines":false,"highlightCode":true,"suppressDeprecationMessages":false,"presets":[],"plugins":[[[],{"polyfill":false}],[[],null],[[],null],[[],null],[[],null],[[],null],[[],null],[[],null],[[],null],[[],null],[[],null],[[],null],[[],null],[[],null],[[],null],[[],null],[[],{"loose":true}],[[],{"loose":true}],[[],null],[[],{"loose":true}],[[],null],[[],null],[[],null],[[],null],[[],null],[[],null],[[],null],[[],{"loose":true}],[[],null],[[],null],[[],null],[[],null],[[],null],[[],null],[[],null],[[],null]],"ignore":[],"code":true,"metadata":true,"ast":false,"comments":true,"compact":false,"minified":false,"sourceMap":true,"sourceMaps":true,"sourceMapTarget":"/client/js/main.js.map","sourceFileName":"/client/js/main.js","babelrc":false,"sourceType":"module","moduleIds":false,"passPerPreset":false,"basename":"main"},"ignored":false,"code":"Template.list.onCreated(function () {\n  var self = this;\n\n  self.autorun(function () {\n    self.subscribe('employee');\n  });\n});\n\nTemplate.list.helpers({\n  employee: function () {\n    function employee() {\n      return Employee.find();\n    }\n\n    return employee;\n  }()\n});","ast":null,"map":{"version":3,"sources":["/client/js/main.js"],"names":[],"mappings":"AAAA,SAAS,IAAT,CAAc,SAAd,CAAwB,YAAU;AAC9B,MAAI,OAAO,IAAX;;AAEA,OAAK,OAAL,CAAa,YAAU;AACrB,SAAK,SAAL,CAAe,UAAf;AACD,GAFD;AAGH,CAND;;AAQA,SAAS,IAAT,CAAc,OAAd,CAAsB;AACpB;AAAU,wBAAU;AAClB,aAAO,SAAS,IAAT,EAAP;AACD;;AAFD;AAAA;AADoB,CAAtB","file":"/client/js/main.js.map","sourcesContent":["Template.list.onCreated(function(){\n    var self = this;\n\n    self.autorun(function(){\n      self.subscribe('employee');\n    });\n});\n\nTemplate.list.helpers({\n  employee: function(){\n    return Employee.find();\n  }\n});\n"]},"hash":"13d49e67dedfd8538021ac261c573257503a02ec"}
