{"metadata":{"usedHelpers":[],"marked":[],"modules":{"imports":[],"exports":{"exported":[],"specifiers":[]}}},"options":{"filename":"/lib/routes.js","filenameRelative":"/lib/routes.js","env":{},"retainLines":false,"highlightCode":true,"suppressDeprecationMessages":false,"presets":[],"plugins":[[[],{"polyfill":false}],[[],null],[[],null],[[],null],[[],null],[[],null],[[],null],[[],null],[[],null],[[],null],[[],null],[[],null],[[],null],[[],null],[[],null],[[],null],[[],{"loose":true}],[[],{"loose":true}],[[],null],[[],{"loose":true}],[[],null],[[],null],[[],null],[[],null],[[],null],[[],null],[[],null],[[],{"loose":true}],[[],null],[[],null],[[],null],[[],null],[[],null],[[],null],[[],null],[[],null]],"ignore":[],"code":true,"metadata":true,"ast":false,"comments":true,"compact":false,"minified":false,"sourceMap":true,"sourceMaps":true,"sourceMapTarget":"/lib/routes.js.map","sourceFileName":"/lib/routes.js","babelrc":false,"sourceType":"module","moduleIds":false,"passPerPreset":false,"basename":"routes"},"ignored":false,"code":"FlowRouter.route('/', {\n  name: 'home',\n  action: function () {\n    function action() {\n      BlazeLayout.render('home');\n    }\n\n    return action;\n  }()\n});\n\nFlowRouter.route('/ManageExistingEmployee', {\n  name: 'Manage Existing Employee',\n  action: function () {\n    function action() {\n      BlazeLayout.render('main', { content: 'ManageExistingEmployee' });\n    }\n\n    return action;\n  }()\n});","ast":null,"map":{"version":3,"sources":["/lib/routes.js"],"names":[],"mappings":"AAAA,WAAW,KAAX,CAAiB,GAAjB,EAAsB;AACpB,QAAM,MADc;AAEpB;AAAQ,sBAAU;AAChB,kBAAY,MAAZ,CAAmB,MAAnB;AACD;;AAFD;AAAA;AAFoB,CAAtB;;AASA,WAAW,KAAX,CAAiB,yBAAjB,EAA4C;AAC1C,QAAM,0BADoC;AAE1C;AAAQ,sBAAW;AACjB,kBAAY,MAAZ,CAAmB,MAAnB,EAA2B,EAAC,SAAS,wBAAV,EAA3B;AACD;;AAFD;AAAA;AAF0C,CAA5C","file":"/lib/routes.js.map","sourcesContent":["FlowRouter.route('/', {\n  name: 'home',\n  action: function(){\n    BlazeLayout.render('home');\n  },\n});\n\n\n\nFlowRouter.route('/ManageExistingEmployee', {\n  name: 'Manage Existing Employee',\n  action: function (){\n    BlazeLayout.render('main', {content: 'ManageExistingEmployee'});\n  },\n});\n"]},"hash":"200e571afac03aed3e72ed7dd10c5df187524998"}
