{"metadata":{"usedHelpers":[],"marked":[],"modules":{"imports":[],"exports":{"exported":[],"specifiers":[]}}},"options":{"filename":"/server/main.js","filenameRelative":"/server/main.js","env":{},"retainLines":false,"highlightCode":true,"suppressDeprecationMessages":false,"presets":[],"plugins":[[[],{"polyfill":false}],[[],null],[[],null],[[],null],[[],null],[[],null],[[],null],[[],null],[[],null],[[],null],[[],null],[[],null],[[],null],[[],null],[[],{"loose":true}],[[],{"loose":true}],[[],null],[[],{"loose":true}],[[],null],[[],null],[[],null],[[],null],[[],null],[[],null],[[],null],[[],{"loose":true}],[[],null],[[],null],[[],null],[[],null],[[],null],[[],null],[[],null],[[],null]],"ignore":[],"code":true,"metadata":true,"ast":false,"comments":true,"compact":false,"minified":false,"sourceMap":true,"sourceMaps":true,"sourceMapTarget":"/server/main.js.map","sourceFileName":"/server/main.js","babelrc":false,"sourceType":"module","moduleIds":false,"passPerPreset":false,"basename":"main"},"ignored":false,"code":"Meteor.startup(function () {\n  if (Employee.find().count() === 0) {\n    Employee.insert({\n      \"employee_number\": \"12345\",\n      \"first_name\": \"Eric\",\n      \"office_phone\": \"312-405-3112\",\n      \"cell\": \"312-332-4555\",\n      \"last_name\": \"Williams\",\n      \"email\": \"ewilliams@myfs.com\",\n      \"location\": \"Chicago,IL\",\n      \"dept\": \"Sales\",\n      \"title\": \"VP\",\n      \"bio\": \"I have been with FS for 10 years all in Sales.\"\n    });\n\n    // This will insert data into the Meteor collection\n    Employee.insert({\n      \"employee_number\": \"12348\",\n      \"first_name\": \"Mary\",\n      \"office_phone\": \"651-405-3115\",\n      \"cell\": \"651-335-4534\",\n      \"last_name\": \"Rose\",\n      \"email\": \"mrose@myfs.com\",\n      \"location\": \"Minneapolis,MN\",\n      \"dept\": \"Marketing\",\n      \"title\": \"Director\",\n      \"bio\": \"I have been with FS for 25 years all in Marketings.\"\n    });\n\n    Employee.insert({\n      \"employee_number\": \"d59b051c-3756-44dc-8c75-60ce99415f46\",\n      \"first_name\": \"Robert\",\n      \"last_name\": \"Phillips\",\n      \"email\": \"rphillips1@jugem.jp\",\n      \"gender\": \"Male\",\n      \"company\": \"Awesome Tech\",\n      \"position\": \"VP Product Management\"\n    });\n\n    Employee.insert({\n      \"employee_number\": \"55f85e9e-8290-4bb6-a431-867ce62a57ad\",\n      \"first_name\": \"Gerald\",\n      \"last_name\": \"Simpson\",\n      \"email\": \"gsimpson2@unicef.org\",\n      \"gender\": \"Male\",\n      \"company\": \"Awesome Tech\",\n      \"position\": \"Senior Financial Analyst\"\n    });\n\n    Employee.insert({\n      \"employee_number\": \"12348\",\n      \"first_name\": \"Tom\",\n      \"office_phone\": \"623-490-4523\",\n      \"cell\": \"623-366-7890\",\n      \"last_name\": \"Bridges\",\n      \"email\": \"tbridges@myfs.com\",\n      \"location\": \"Phoenix, AZ\",\n      \"dept\": \"Technology\",\n      \"title\": \"Senior Manager\",\n      \"bio\": \"I have been with FS for 5 years all in Technology.\"\n    });\n\n    Employee.insert({\n      \"employee_number\": \"2fda008e-929a-4050-b6a3-bba5c073ba2b\",\n      \"first_name\": \"Sara\",\n      \"last_name\": \"Hart\",\n      \"email\": \"shart4@nhs.uk\",\n      \"gender\": \"Female\",\n      \"company\": \"Awesome Tech\",\n      \"position\": \"Software Engineer IV\"\n    });\n  }\n});\n\nMeteor.publish(\"employee\", function () {\n  return Employee.find();\n});","ast":null,"map":{"version":3,"sources":["/server/main.js"],"names":[],"mappings":"AAAA,OAAO,OAAP,CAAe,YAAY;AACzB,MAAI,SAAS,IAAT,GAAgB,KAAhB,OAA4B,CAAhC,EAAmC;AACjC,aAAS,MAAT,CAAgB;AACd,yBAAmB,OADL;AAEd,oBAAc,MAFA;AAGd,sBAAgB,cAHF;AAId,cAAO,cAJO;AAKd,mBAAa,UALC;AAMd,eAAU,oBANI;AAOd,kBAAa,YAPC;AAQd,cAAS,OARK;AASd,eAAS,IATK;AAUd,aAAO;AAVO,KAAhB;;;AAcA,aAAS,MAAT,CAAgB;AACd,yBAAmB,OADL;AAEd,oBAAc,MAFA;AAGd,sBAAgB,cAHF;AAId,cAAO,cAJO;AAKd,mBAAa,MALC;AAMd,eAAU,gBANI;AAOd,kBAAa,gBAPC;AAQd,cAAS,WARK;AASd,eAAS,UATK;AAUd,aAAO;AAVO,KAAhB;;AAaA,aAAS,MAAT,CAAgB;AACd,yBAAmB,sCADL;AAEd,oBAAc,QAFA;AAGd,mBAAa,UAHC;AAId,eAAS,qBAJK;AAKd,gBAAU,MALI;AAMd,iBAAW,cANG;AAOd,kBAAY;AAPE,KAAhB;;AAUA,aAAS,MAAT,CAAgB;AACd,yBAAmB,sCADL;AAEd,oBAAc,QAFA;AAGd,mBAAa,SAHC;AAId,eAAS,sBAJK;AAKd,gBAAU,MALI;AAMd,iBAAW,cANG;AAOd,kBAAY;AAPE,KAAhB;;AAUA,aAAS,MAAT,CAAgB;AACd,yBAAmB,OADL;AAEd,oBAAc,KAFA;AAGd,sBAAgB,cAHF;AAId,cAAO,cAJO;AAKd,mBAAa,SALC;AAMd,eAAU,mBANI;AAOd,kBAAa,aAPC;AAQd,cAAS,YARK;AASd,eAAS,gBATK;AAUd,aAAO;AAVO,KAAhB;;AAaA,aAAS,MAAT,CAAgB;AACd,yBAAmB,sCADL;AAEd,oBAAc,MAFA;AAGd,mBAAa,MAHC;AAId,eAAS,eAJK;AAKd,gBAAU,QALI;AAMd,iBAAW,cANG;AAOd,kBAAY;AAPE,KAAhB;AASD;AACF,CAxED;;AA0EA,OAAO,OAAP,CAAe,UAAf,EAA2B,YAAW;AACpC,SAAO,SAAS,IAAT,EAAP;AACD,CAFD","file":"/server/main.js.map","sourcesContent":["Meteor.startup(function () {\n  if (Employee.find().count() === 0) {\n    Employee.insert({\n      \"employee_number\": \"12345\",\n      \"first_name\": \"Eric\",\n      \"office_phone\": \"312-405-3112\",\n      \"cell\":\"312-332-4555\",\n      \"last_name\": \"Williams\",\n      \"email\" : \"ewilliams@myfs.com\",\n      \"location\" : \"Chicago,IL\",\n      \"dept\" : \"Sales\",\n      \"title\": \"VP\",\n      \"bio\": \"I have been with FS for 10 years all in Sales.\"\n    });\n\n    // This will insert data into the Meteor collection\n    Employee.insert({\n      \"employee_number\": \"12348\",\n      \"first_name\": \"Mary\",\n      \"office_phone\": \"651-405-3115\",\n      \"cell\":\"651-335-4534\",\n      \"last_name\": \"Rose\",\n      \"email\" : \"mrose@myfs.com\",\n      \"location\" : \"Minneapolis,MN\",\n      \"dept\" : \"Marketing\",\n      \"title\": \"Director\",\n      \"bio\": \"I have been with FS for 25 years all in Marketings.\"\n    });\n\n    Employee.insert({\n      \"employee_number\": \"d59b051c-3756-44dc-8c75-60ce99415f46\",\n      \"first_name\": \"Robert\",\n      \"last_name\": \"Phillips\",\n      \"email\": \"rphillips1@jugem.jp\",\n      \"gender\": \"Male\",\n      \"company\": \"Awesome Tech\",\n      \"position\": \"VP Product Management\"\n    });\n\n    Employee.insert({\n      \"employee_number\": \"55f85e9e-8290-4bb6-a431-867ce62a57ad\",\n      \"first_name\": \"Gerald\",\n      \"last_name\": \"Simpson\",\n      \"email\": \"gsimpson2@unicef.org\",\n      \"gender\": \"Male\",\n      \"company\": \"Awesome Tech\",\n      \"position\": \"Senior Financial Analyst\"\n    });\n\n    Employee.insert({\n      \"employee_number\": \"12348\",\n      \"first_name\": \"Tom\",\n      \"office_phone\": \"623-490-4523\",\n      \"cell\":\"623-366-7890\",\n      \"last_name\": \"Bridges\",\n      \"email\" : \"tbridges@myfs.com\",\n      \"location\" : \"Phoenix, AZ\",\n      \"dept\" : \"Technology\",\n      \"title\": \"Senior Manager\",\n      \"bio\": \"I have been with FS for 5 years all in Technology.\"\n    });\n\n    Employee.insert({\n      \"employee_number\": \"2fda008e-929a-4050-b6a3-bba5c073ba2b\",\n      \"first_name\": \"Sara\",\n      \"last_name\": \"Hart\",\n      \"email\": \"shart4@nhs.uk\",\n      \"gender\": \"Female\",\n      \"company\": \"Awesome Tech\",\n      \"position\": \"Software Engineer IV\"\n    });\n  }\n});\n\nMeteor.publish(\"employee\", function() {\n  return Employee.find();\n});\n"]},"hash":"21a2a37e4562706727343cb0a27550a6f38fc852"}
