{"metadata":{"usedHelpers":[],"marked":[],"modules":{"imports":[],"exports":{"exported":[],"specifiers":[]}}},"options":{"filename":"/server/main.js","filenameRelative":"/server/main.js","env":{},"retainLines":false,"highlightCode":true,"suppressDeprecationMessages":false,"presets":[],"plugins":[[[],{"polyfill":false}],[[],null],[[],null],[[],null],[[],null],[[],null],[[],null],[[],null],[[],null],[[],null],[[],null],[[],null],[[],null],[[],null],[[],{"loose":true}],[[],{"loose":true}],[[],null],[[],{"loose":true}],[[],null],[[],null],[[],null],[[],null],[[],null],[[],null],[[],null],[[],{"loose":true}],[[],null],[[],null],[[],null],[[],null],[[],null],[[],null],[[],null],[[],null]],"ignore":[],"code":true,"metadata":true,"ast":false,"comments":true,"compact":false,"minified":false,"sourceMap":true,"sourceMaps":true,"sourceMapTarget":"/server/main.js.map","sourceFileName":"/server/main.js","babelrc":false,"sourceType":"module","moduleIds":false,"passPerPreset":false,"basename":"main"},"ignored":false,"code":"Meteor.startup(function () {\n  if (Employee.find().count() === 0) {\n    Employee.insert({\n      \"employee_number\": \"TEST\",\n      \"first_name\": \"TEST\",\n      \"last_name\": \"LASTNAME\",\n      \"email\": \"eflowers@gmail.com\",\n      \"gender\": \"male\",\n      \"company\": \"Awesome Tech\",\n      \"position\": \" CEO\"\n    });\n\n    // This will insert data into the Meteor collection\n    Employee.insert({\n      \"employee_number\": \"f86d177a-6566-469b-b86c-c78182c3e653\",\n      \"first_name\": \"Ernest\",\n      \"last_name\": \"Wheeler\",\n      \"email\": \"ewheeler0@ning.com\",\n      \"gender\": \"Male\",\n      \"company\": \"Awesome Tech\",\n      \"position\": \"Marketing Manager\"\n    });\n\n    Employee.insert({\n      \"employee_number\": \"d59b051c-3756-44dc-8c75-60ce99415f46\",\n      \"first_name\": \"Robert\",\n      \"last_name\": \"Phillips\",\n      \"email\": \"rphillips1@jugem.jp\",\n      \"gender\": \"Male\",\n      \"company\": \"Awesome Tech\",\n      \"position\": \"VP Product Management\"\n    });\n\n    Employee.insert({\n      \"employee_number\": \"55f85e9e-8290-4bb6-a431-867ce62a57ad\",\n      \"first_name\": \"Gerald\",\n      \"last_name\": \"Simpson\",\n      \"email\": \"gsimpson2@unicef.org\",\n      \"gender\": \"Male\",\n      \"company\": \"Awesome Tech\",\n      \"position\": \"Senior Financial Analyst\"\n    });\n\n    Employee.insert({\n      \"employee_number\": \"1dbba6f4-db38-4112-84fc-b3bea5732c26\",\n      \"first_name\": \"Randy\",\n      \"last_name\": \"Carter\",\n      \"email\": \"rcarter3@state.gov\",\n      \"gender\": \"Male\",\n      \"company\": \"Awesome Tech\",\n      \"position\": \"Assistant Manager\"\n    });\n\n    Employee.insert({\n      \"employee_number\": \"2fda008e-929a-4050-b6a3-bba5c073ba2b\",\n      \"first_name\": \"Sara\",\n      \"last_name\": \"Hart\",\n      \"email\": \"shart4@nhs.uk\",\n      \"gender\": \"Female\",\n      \"company\": \"Awesome Tech\",\n      \"position\": \"Software Engineer IV\"\n    });\n  }\n});\n\nMeteor.publish(\"employee\", function () {\n  return Employee.find();\n});","ast":null,"map":{"version":3,"sources":["/server/main.js"],"names":[],"mappings":"AAAA,OAAO,OAAP,CAAe,YAAY;AACzB,MAAI,SAAS,IAAT,GAAgB,KAAhB,OAA4B,CAAhC,EAAmC;AACjC,aAAS,MAAT,CAAgB;AACd,yBAAmB,MADL;AAEd,oBAAe,MAFD;AAGd,mBAAc,UAHA;AAId,eAAU,oBAJI;AAKd,gBAAW,MALG;AAMd,iBAAY,cANE;AAOd,kBAAa;AAPC,KAAhB;;;AAWA,aAAS,MAAT,CAAgB;AACd,yBAAmB,sCADL;AAEd,oBAAc,QAFA;AAGd,mBAAa,SAHC;AAId,eAAS,oBAJK;AAKd,gBAAU,MALI;AAMd,iBAAW,cANG;AAOd,kBAAY;AAPE,KAAhB;;AAUA,aAAS,MAAT,CAAgB;AACd,yBAAmB,sCADL;AAEd,oBAAc,QAFA;AAGd,mBAAa,UAHC;AAId,eAAS,qBAJK;AAKd,gBAAU,MALI;AAMd,iBAAW,cANG;AAOd,kBAAY;AAPE,KAAhB;;AAUA,aAAS,MAAT,CAAgB;AACd,yBAAmB,sCADL;AAEd,oBAAc,QAFA;AAGd,mBAAa,SAHC;AAId,eAAS,sBAJK;AAKd,gBAAU,MALI;AAMd,iBAAW,cANG;AAOd,kBAAY;AAPE,KAAhB;;AAUA,aAAS,MAAT,CAAgB;AACd,yBAAmB,sCADL;AAEd,oBAAc,OAFA;AAGd,mBAAa,QAHC;AAId,eAAS,oBAJK;AAKd,gBAAU,MALI;AAMd,iBAAW,cANG;AAOd,kBAAY;AAPE,KAAhB;;AAUA,aAAS,MAAT,CAAgB;AACd,yBAAmB,sCADL;AAEd,oBAAc,MAFA;AAGd,mBAAa,MAHC;AAId,eAAS,eAJK;AAKd,gBAAU,QALI;AAMd,iBAAW,cANG;AAOd,kBAAY;AAPE,KAAhB;AASD;AACF,CA/DD;;AAiEA,OAAO,OAAP,CAAe,UAAf,EAA2B,YAAW;AACpC,SAAO,SAAS,IAAT,EAAP;AACD,CAFD","file":"/server/main.js.map","sourcesContent":["Meteor.startup(function () {\n  if (Employee.find().count() === 0) {\n    Employee.insert({\n      \"employee_number\": \"TEST\",\n      \"first_name\" : \"TEST\",\n      \"last_name\" : \"LASTNAME\",\n      \"email\" : \"eflowers@gmail.com\",\n      \"gender\" : \"male\",\n      \"company\" : \"Awesome Tech\",\n      \"position\" : \" CEO\"\n    });\n\n    // This will insert data into the Meteor collection\n    Employee.insert({\n      \"employee_number\": \"f86d177a-6566-469b-b86c-c78182c3e653\",\n      \"first_name\": \"Ernest\",\n      \"last_name\": \"Wheeler\",\n      \"email\": \"ewheeler0@ning.com\",\n      \"gender\": \"Male\",\n      \"company\": \"Awesome Tech\",\n      \"position\": \"Marketing Manager\"\n    });\n\n    Employee.insert({\n      \"employee_number\": \"d59b051c-3756-44dc-8c75-60ce99415f46\",\n      \"first_name\": \"Robert\",\n      \"last_name\": \"Phillips\",\n      \"email\": \"rphillips1@jugem.jp\",\n      \"gender\": \"Male\",\n      \"company\": \"Awesome Tech\",\n      \"position\": \"VP Product Management\"\n    });\n\n    Employee.insert({\n      \"employee_number\": \"55f85e9e-8290-4bb6-a431-867ce62a57ad\",\n      \"first_name\": \"Gerald\",\n      \"last_name\": \"Simpson\",\n      \"email\": \"gsimpson2@unicef.org\",\n      \"gender\": \"Male\",\n      \"company\": \"Awesome Tech\",\n      \"position\": \"Senior Financial Analyst\"\n    });\n\n    Employee.insert({\n      \"employee_number\": \"1dbba6f4-db38-4112-84fc-b3bea5732c26\",\n      \"first_name\": \"Randy\",\n      \"last_name\": \"Carter\",\n      \"email\": \"rcarter3@state.gov\",\n      \"gender\": \"Male\",\n      \"company\": \"Awesome Tech\",\n      \"position\": \"Assistant Manager\"\n    });\n\n    Employee.insert({\n      \"employee_number\": \"2fda008e-929a-4050-b6a3-bba5c073ba2b\",\n      \"first_name\": \"Sara\",\n      \"last_name\": \"Hart\",\n      \"email\": \"shart4@nhs.uk\",\n      \"gender\": \"Female\",\n      \"company\": \"Awesome Tech\",\n      \"position\": \"Software Engineer IV\"\n    });\n  }\n});\n\nMeteor.publish(\"employee\", function() {\n  return Employee.find();\n});\n"]},"hash":"253d0dd91afb28f0874d351b629b008b7b4c5ce5"}
