{"metadata":{"usedHelpers":[],"marked":[],"modules":{"imports":[],"exports":{"exported":[],"specifiers":[]}}},"options":{"filename":"/collections/employees.js","filenameRelative":"/collections/employees.js","env":{},"retainLines":false,"highlightCode":true,"suppressDeprecationMessages":false,"presets":[],"plugins":[[[],{"polyfill":false}],[[],null],[[],null],[[],null],[[],null],[[],null],[[],null],[[],null],[[],null],[[],null],[[],null],[[],null],[[],null],[[],null],[[],null],[[],null],[[],{"loose":true}],[[],{"loose":true}],[[],null],[[],{"loose":true}],[[],null],[[],null],[[],null],[[],null],[[],null],[[],null],[[],null],[[],{"loose":true}],[[],null],[[],null],[[],null],[[],null],[[],null],[[],null],[[],null],[[],null]],"ignore":[],"code":true,"metadata":true,"ast":false,"comments":true,"compact":false,"minified":false,"sourceMap":true,"sourceMaps":true,"sourceMapTarget":"/collections/employees.js.map","sourceFileName":"/collections/employees.js","babelrc":false,"sourceType":"module","moduleIds":false,"passPerPreset":false,"basename":"employees"},"ignored":false,"code":"// new employee database\nEmployee = new Meteor.Collection('employee');\n\nMeteor.remove({});\n\nEmployee.insert({\n  \"employee_number\": \"200\",\n  \"first_name\": \"Eric\",\n  \"office_phone\": \"312-405-3112\",\n  \"cell\": \"312-332-4555\",\n  \"last_name\": \"Williams\",\n  \"email\": \"ewilliams@myfs.com\",\n  \"location\": \"Chicago,IL\",\n  \"dept\": \"Sales\",\n  \"title\": \"VP\",\n  \"bio\": \"I have been with FS for 10 years all in Sales.\"\n});\n\nEmployee.insert({\n  \"employee_number\": \"90\",\n  \"first_name\": \"Mary\",\n  \"office_phone\": \"651-405-3115\",\n  \"cell\": \"651-335-4534\",\n  \"last_name\": \"Rose\",\n  \"email\": \"mrose@myfs.com\",\n  \"location\": \"Minneapolis,MN\",\n  \"dept\": \"Marketing\",\n  \"title\": \"Director\",\n  \"bio\": \"I have been with FS for 25 years all in Marketings.\"\n});\n\nEmployee.insert({\n  \"employee_number\": \"542\",\n  \"first_name\": \"Tom\",\n  \"office_phone\": \"623-490-4523\",\n  \"cell\": \"623-366-7890\",\n  \"last_name\": \"Bridges\",\n  \"email\": \"tbridges@myfs.com\",\n  \"location\": \"Phoenix, AZ\",\n  \"dept\": \"Technology\",\n  \"title\": \"Senior Manager\",\n  \"bio\": \"I have been with FS for 5 years all in Technology.\"\n});\n\nEmployee.insert({\n  \"employee_number\": \"501\",\n  \"first_name\": \"Lou\",\n  \"office_phone\": \"718-490-2423\",\n  \"cell\": \"718-360-7891\",\n  \"last_name\": \"Stone\",\n  \"email\": \"lstone@myfs.com\",\n  \"location\": \"Rochester, NY\",\n  \"dept\": \"Sales\",\n  \"title\": \"Senior Manager\",\n  \"bio\": \"I have been with FS for 8 years all in Sales.\"\n});\n\nEmployee.insert({\n  \"employee_number\": \"620\",\n  \"first_name\": \"Pam\",\n  \"office_phone\": \"312-490-4523\",\n  \"cell\": \"312-366-7890\",\n  \"last_name\": \"Jones\",\n  \"email\": \"pjones@myfs.com\",\n  \"location\": \"Chicago,IL\",\n  \"dept\": \"Finance\",\n  \"title\": \"Auditor\",\n  \"bio\": \"I have been with FS for 4 years all in Finance.\"\n});\n\nEmployee.insert({\n  \"employee_number\": \"655\",\n  \"first_name\": \"Harry\",\n  \"office_phone\": \"614-490-4523\",\n  \"cell\": \"614-366-7890\",\n  \"last_name\": \"Smith\",\n  \"email\": \"hsmith@myfs.com\",\n  \"location\": \"Columbus, OH\",\n  \"dept\": \"Operations\",\n  \"title\": \"Center Manager\",\n  \"bio\": \"I have been with FS for 2 years all in the Columbus Center.\"\n});","ast":null,"map":{"version":3,"sources":["/collections/employees.js"],"names":[],"mappings":";AACA,WAAW,IAAI,OAAO,UAAX,CAAsB,UAAtB,CAAX;;AAEA,OAAO,MAAP,CAAc,EAAd;;AAEA,SAAS,MAAT,CAAgB;AACd,qBAAmB,KADL;AAEd,gBAAc,MAFA;AAGd,kBAAgB,cAHF;AAId,UAAO,cAJO;AAKd,eAAa,UALC;AAMd,WAAU,oBANI;AAOd,cAAa,YAPC;AAQd,UAAS,OARK;AASd,WAAS,IATK;AAUd,SAAO;AAVO,CAAhB;;AAaA,SAAS,MAAT,CAAgB;AACd,qBAAmB,IADL;AAEd,gBAAc,MAFA;AAGd,kBAAgB,cAHF;AAId,UAAO,cAJO;AAKd,eAAa,MALC;AAMd,WAAU,gBANI;AAOd,cAAa,gBAPC;AAQd,UAAS,WARK;AASd,WAAS,UATK;AAUd,SAAO;AAVO,CAAhB;;AAaA,SAAS,MAAT,CAAgB;AACd,qBAAmB,KADL;AAEd,gBAAc,KAFA;AAGd,kBAAgB,cAHF;AAId,UAAO,cAJO;AAKd,eAAa,SALC;AAMd,WAAU,mBANI;AAOd,cAAa,aAPC;AAQd,UAAS,YARK;AASd,WAAS,gBATK;AAUd,SAAO;AAVO,CAAhB;;AAaA,SAAS,MAAT,CAAgB;AACd,qBAAmB,KADL;AAEd,gBAAc,KAFA;AAGd,kBAAgB,cAHF;AAId,UAAO,cAJO;AAKd,eAAa,OALC;AAMd,WAAU,iBANI;AAOd,cAAa,eAPC;AAQd,UAAS,OARK;AASd,WAAS,gBATK;AAUd,SAAO;AAVO,CAAhB;;AAaA,SAAS,MAAT,CAAgB;AACd,qBAAmB,KADL;AAEd,gBAAc,KAFA;AAGd,kBAAgB,cAHF;AAId,UAAO,cAJO;AAKd,eAAa,OALC;AAMd,WAAU,iBANI;AAOd,cAAa,YAPC;AAQd,UAAS,SARK;AASd,WAAS,SATK;AAUd,SAAO;AAVO,CAAhB;;AAaA,SAAS,MAAT,CAAgB;AACd,qBAAmB,KADL;AAEd,gBAAc,OAFA;AAGd,kBAAgB,cAHF;AAId,UAAO,cAJO;AAKd,eAAa,OALC;AAMd,WAAU,iBANI;AAOd,cAAa,cAPC;AAQd,UAAS,YARK;AASd,WAAS,gBATK;AAUd,SAAO;AAVO,CAAhB","file":"/collections/employees.js.map","sourcesContent":["// new employee database\nEmployee = new Meteor.Collection('employee');\n\nMeteor.remove({});\n\nEmployee.insert({\n  \"employee_number\": \"200\",\n  \"first_name\": \"Eric\",\n  \"office_phone\": \"312-405-3112\",\n  \"cell\":\"312-332-4555\",\n  \"last_name\": \"Williams\",\n  \"email\" : \"ewilliams@myfs.com\",\n  \"location\" : \"Chicago,IL\",\n  \"dept\" : \"Sales\",\n  \"title\": \"VP\",\n  \"bio\": \"I have been with FS for 10 years all in Sales.\"\n});\n\nEmployee.insert({\n  \"employee_number\": \"90\",\n  \"first_name\": \"Mary\",\n  \"office_phone\": \"651-405-3115\",\n  \"cell\":\"651-335-4534\",\n  \"last_name\": \"Rose\",\n  \"email\" : \"mrose@myfs.com\",\n  \"location\" : \"Minneapolis,MN\",\n  \"dept\" : \"Marketing\",\n  \"title\": \"Director\",\n  \"bio\": \"I have been with FS for 25 years all in Marketings.\"\n});\n\nEmployee.insert({\n  \"employee_number\": \"542\",\n  \"first_name\": \"Tom\",\n  \"office_phone\": \"623-490-4523\",\n  \"cell\":\"623-366-7890\",\n  \"last_name\": \"Bridges\",\n  \"email\" : \"tbridges@myfs.com\",\n  \"location\" : \"Phoenix, AZ\",\n  \"dept\" : \"Technology\",\n  \"title\": \"Senior Manager\",\n  \"bio\": \"I have been with FS for 5 years all in Technology.\"\n});\n\nEmployee.insert({\n  \"employee_number\": \"501\",\n  \"first_name\": \"Lou\",\n  \"office_phone\": \"718-490-2423\",\n  \"cell\":\"718-360-7891\",\n  \"last_name\": \"Stone\",\n  \"email\" : \"lstone@myfs.com\",\n  \"location\" : \"Rochester, NY\",\n  \"dept\" : \"Sales\",\n  \"title\": \"Senior Manager\",\n  \"bio\": \"I have been with FS for 8 years all in Sales.\"\n});\n\nEmployee.insert({\n  \"employee_number\": \"620\",\n  \"first_name\": \"Pam\",\n  \"office_phone\": \"312-490-4523\",\n  \"cell\":\"312-366-7890\",\n  \"last_name\": \"Jones\",\n  \"email\" : \"pjones@myfs.com\",\n  \"location\" : \"Chicago,IL\",\n  \"dept\" : \"Finance\",\n  \"title\": \"Auditor\",\n  \"bio\": \"I have been with FS for 4 years all in Finance.\"\n});\n\nEmployee.insert({\n  \"employee_number\": \"655\",\n  \"first_name\": \"Harry\",\n  \"office_phone\": \"614-490-4523\",\n  \"cell\":\"614-366-7890\",\n  \"last_name\": \"Smith\",\n  \"email\" : \"hsmith@myfs.com\",\n  \"location\" : \"Columbus, OH\",\n  \"dept\" : \"Operations\",\n  \"title\": \"Center Manager\",\n  \"bio\": \"I have been with FS for 2 years all in the Columbus Center.\"\n});\n"]},"hash":"2ca75bda72a92658589f532942d328c76907e107"}
