{"metadata":{"usedHelpers":[],"marked":[],"modules":{"imports":[{"source":"meteor/meteor","imported":["Meteor"],"specifiers":[{"kind":"named","imported":"Meteor","local":"Meteor"}]}],"exports":{"exported":[],"specifiers":[]}}},"options":{"filename":"/server/main.js","filenameRelative":"/server/main.js","env":{},"retainLines":false,"highlightCode":true,"suppressDeprecationMessages":false,"presets":[],"plugins":[[[],{"polyfill":false}],[[],null],[[],null],[[],null],[[],null],[[],null],[[],null],[[],null],[[],null],[[],null],[[],null],[[],null],[[],null],[[],null],[[],{"loose":true}],[[],{"loose":true}],[[],null],[[],{"loose":true}],[[],null],[[],null],[[],null],[[],null],[[],null],[[],null],[[],null],[[],{"loose":true}],[[],null],[[],null],[[],null],[[],null],[[],null],[[],null],[[],null],[[],null]],"ignore":[],"code":true,"metadata":true,"ast":false,"comments":true,"compact":false,"minified":false,"sourceMap":true,"sourceMaps":true,"sourceMapTarget":"/server/main.js.map","sourceFileName":"/server/main.js","babelrc":false,"sourceType":"module","moduleIds":false,"passPerPreset":false,"basename":"main"},"ignored":false,"code":"var Meteor;module.import('meteor/meteor',{\"Meteor\":function(v){Meteor=v}});\n\nMeteor.startup(function () {\n  // // Delete All Records\n  // Employee.remove({});\n\n  Employee.insert({\n    \"employee_number\": \"L12345\",\n    \"first_name\": \"Kelly\",\n    \"last_name\": \"Smith\",\n    \"gender\": \"female\",\n    \"email\": \"ksmith@mymeteorproject1.com\",\n    \"department\": \"Marketing\",\n    \"job_title\": \"Vice President\"\n  });\n\n  // Insert data into mymeteorproject1 Collection\n\n  Employee.insert({\n    \"employee_number\": \"L12346\",\n    \"first_name\": \"John\",\n    \"last_name\": \"Jones\",\n    \"gender\": \"male\",\n    \"email\": \"jjones@mymeteorproject1.com\",\n    \"department\": \"Sales\",\n    \"job_title\": \"Vice President\"\n  });\n\n  Employee.insert({\n    \"employee_number\": \"L12347\",\n    \"first_name\": \"Mary\",\n    \"last_name\": \"Mueller\",\n    \"gender\": \"female\",\n    \"email\": \"mmueller@mymeteorproject1.com\",\n    \"department\": \"Operations\",\n    \"job_title\": \"Senior Manager\"\n  });\n});","ast":null,"map":{"version":3,"sources":["/server/main.js"],"names":[],"mappings":"AAAA,SAAS,MAAT,QAAuB,eAAvB;;AAEA,OAAO,OAAP,CAAe,YAAM;;;;AAInB,WAAS,MAAT,CAAgB;AACd,uBAAkB,QADJ;AAEd,kBAAa,OAFC;AAGd,iBAAY,OAHE;AAId,cAAS,QAJK;AAKd,aAAQ,6BALM;AAMd,kBAAa,WANC;AAOd,iBAAY;AAPE,GAAhB;;;;AAYA,WAAS,MAAT,CAAgB;AACd,uBAAkB,QADJ;AAEd,kBAAa,MAFC;AAGd,iBAAY,OAHE;AAId,cAAS,MAJK;AAKd,aAAQ,6BALM;AAMd,kBAAa,OANC;AAOd,iBAAY;AAPE,GAAhB;;AAUA,WAAS,MAAT,CAAgB;AACd,uBAAkB,QADJ;AAEd,kBAAa,MAFC;AAGd,iBAAY,SAHE;AAId,cAAS,QAJK;AAKd,aAAQ,+BALM;AAMd,kBAAa,YANC;AAOd,iBAAY;AAPE,GAAhB;AAUD,CApCD","file":"/server/main.js.map","sourcesContent":["import { Meteor } from 'meteor/meteor';\n\nMeteor.startup(() => {\n  // // Delete All Records\n  // Employee.remove({});\n\n  Employee.insert({\n    \"employee_number\":\"L12345\",\n    \"first_name\":\"Kelly\",\n    \"last_name\":\"Smith\",\n    \"gender\":\"female\",\n    \"email\":\"ksmith@mymeteorproject1.com\",\n    \"department\":\"Marketing\",\n    \"job_title\":\"Vice President\"\n  });\n\n  // Insert data into mymeteorproject1 Collection\n\n  Employee.insert({\n    \"employee_number\":\"L12346\",\n    \"first_name\":\"John\",\n    \"last_name\":\"Jones\",\n    \"gender\":\"male\",\n    \"email\":\"jjones@mymeteorproject1.com\",\n    \"department\":\"Sales\",\n    \"job_title\":\"Vice President\"\n  });\n\n  Employee.insert({\n    \"employee_number\":\"L12347\",\n    \"first_name\":\"Mary\",\n    \"last_name\":\"Mueller\",\n    \"gender\":\"female\",\n    \"email\":\"mmueller@mymeteorproject1.com\",\n    \"department\":\"Operations\",\n    \"job_title\":\"Senior Manager\"\n  });\n\n});\n"]},"hash":"4be4b6197bf8812607450000cbd3d74f85728bed"}
