{"metadata":{"usedHelpers":[],"marked":[],"modules":{"imports":[],"exports":{"exported":[],"specifiers":[]}}},"options":{"filename":"/client/js/AddNewEmployee.js","filenameRelative":"/client/js/AddNewEmployee.js","env":{},"retainLines":false,"highlightCode":true,"suppressDeprecationMessages":false,"presets":[],"plugins":[[[],{"polyfill":false}],[[],null],[[],null],[[],null],[[],null],[[],null],[[],null],[[],null],[[],null],[[],null],[[],null],[[],null],[[],null],[[],null],[[],null],[[],null],[[],{"loose":true}],[[],{"loose":true}],[[],null],[[],{"loose":true}],[[],null],[[],null],[[],null],[[],null],[[],null],[[],null],[[],null],[[],{"loose":true}],[[],null],[[],null],[[],null],[[],null],[[],null],[[],null],[[],null],[[],null]],"ignore":[],"code":true,"metadata":true,"ast":false,"comments":true,"compact":false,"minified":false,"sourceMap":true,"sourceMaps":true,"sourceMapTarget":"/client/js/AddNewEmployee.js.map","sourceFileName":"/client/js/AddNewEmployee.js","babelrc":false,"sourceType":"module","moduleIds":false,"passPerPreset":false,"basename":"AddNewEmployee"},"ignored":false,"code":"Template.AddNewEmployee.onCreated(function () {\n    var self = this;\n    self.autorun(function () {\n        self.subscribe('employee');\n    });\n});\n\n// Template.AddNewEmployee.helpers({\n//\n// });\n\nTemplate.AddNewEmployee.helpers({\n    employee: function () {\n        function employee() {\n            return Employee.find();\n        }\n\n        return employee;\n    }()\n});","ast":null,"map":{"version":3,"sources":["/client/js/AddNewEmployee.js"],"names":[],"mappings":"AAAA,SAAS,cAAT,CAAwB,SAAxB,CAAkC,YAAU;AACxC,QAAI,OAAO,IAAX;AACA,SAAK,OAAL,CAAa,YAAU;AACnB,aAAK,SAAL,CAAe,UAAf;AACH,KAFD;AAGH,CALD;;;;;;AAWA,SAAS,cAAT,CAAwB,OAAxB,CAAgC;AAC5B;AAAU,4BAAW;AACnB,mBAAO,SAAS,IAAT,EAAP;AACD;;AAFD;AAAA;AAD4B,CAAhC","file":"/client/js/AddNewEmployee.js.map","sourcesContent":["Template.AddNewEmployee.onCreated(function(){\n    var self = this;\n    self.autorun(function(){\n        self.subscribe('employee');\n    });\n});\n\n// Template.AddNewEmployee.helpers({\n//\n// });\n\nTemplate.AddNewEmployee.helpers({\n    employee: function() {\n      return Employee.find();\n    }\n});\n"]},"hash":"555b55ea36d8b224a860158b357c08ac139900d9"}
