{"metadata":{"usedHelpers":[],"marked":[],"modules":{"imports":[{"source":"meteor/meteor","imported":["Meteor"],"specifiers":[{"kind":"named","imported":"Meteor","local":"Meteor"}]}],"exports":{"exported":[],"specifiers":[]}}},"options":{"filename":"/server/main.js","filenameRelative":"/server/main.js","env":{},"retainLines":false,"highlightCode":true,"suppressDeprecationMessages":false,"presets":[],"plugins":[[[],{"polyfill":false}],[[],null],[[],null],[[],null],[[],null],[[],null],[[],null],[[],null],[[],null],[[],null],[[],null],[[],null],[[],null],[[],null],[[],{"loose":true}],[[],{"loose":true}],[[],null],[[],{"loose":true}],[[],null],[[],null],[[],null],[[],null],[[],null],[[],null],[[],null],[[],{"loose":true}],[[],null],[[],null],[[],null],[[],null],[[],null],[[],null],[[],null],[[],null]],"ignore":[],"code":true,"metadata":true,"ast":false,"comments":true,"compact":false,"minified":false,"sourceMap":true,"sourceMaps":true,"sourceMapTarget":"/server/main.js.map","sourceFileName":"/server/main.js","babelrc":false,"sourceType":"module","moduleIds":false,"passPerPreset":false,"basename":"main"},"ignored":false,"code":"var Meteor;module.import('meteor/meteor',{\"Meteor\":function(v){Meteor=v}});\n\nMeteor.methods({\n  addEmployee: function addEmployee(employee) {\n    Employee.insert(employee);\n  },\n  deleteEmployee: function deleteEmployee(employee) {\n    Employee.remove(employee);\n  }\n});","ast":null,"map":{"version":3,"sources":["/server/main.js"],"names":[],"mappings":"AAAA,SAAS,MAAT,QAAuB,eAAvB;;AAEA,OAAO,OAAP,CAAe;AACb,eAAa,qBAAS,QAAT,EAAkB;AAC7B,aAAS,MAAT,CAAgB,QAAhB;AACD,GAHY;AAIb,kBAAgB,wBAAS,QAAT,EAAkB;AAChC,aAAS,MAAT,CAAgB,QAAhB;AACD;AANY,CAAf","file":"/server/main.js.map","sourcesContent":["import { Meteor } from 'meteor/meteor';\n\nMeteor.methods({\n  addEmployee: function(employee){\n    Employee.insert(employee);\n  },\n  deleteEmployee: function(employee){\n    Employee.remove(employee);\n  }\n});\n"]},"hash":"60b741d34d8e6ad909ad9f56f856517d04c9fce7"}
