{"metadata":{"usedHelpers":[],"marked":[],"modules":{"imports":[],"exports":{"exported":[],"specifiers":[]}}},"options":{"filename":"/client/js/main.js","filenameRelative":"/client/js/main.js","env":{},"retainLines":false,"highlightCode":true,"suppressDeprecationMessages":false,"presets":[],"plugins":[[[],{"polyfill":false}],[[],null],[[],null],[[],null],[[],null],[[],null],[[],null],[[],null],[[],null],[[],null],[[],null],[[],null],[[],null],[[],null],[[],null],[[],null],[[],{"loose":true}],[[],{"loose":true}],[[],null],[[],{"loose":true}],[[],null],[[],null],[[],null],[[],null],[[],null],[[],null],[[],null],[[],{"loose":true}],[[],null],[[],null],[[],null],[[],null],[[],null],[[],null],[[],null],[[],null]],"ignore":[],"code":true,"metadata":true,"ast":false,"comments":true,"compact":false,"minified":false,"sourceMap":true,"sourceMaps":true,"sourceMapTarget":"/client/js/main.js.map","sourceFileName":"/client/js/main.js","babelrc":false,"sourceType":"module","moduleIds":false,"passPerPreset":false,"basename":"main"},"ignored":false,"code":"\nTemplate.ManageExistingEmployee.onCreated(function () {\n    var self = this;\n    self.autorun(function () {\n        self.subscribe('employee');\n    });\n});\n\n// Template.ManageExistingEmployee.helpers({\n//\n// });\n\nTemplate.ManageExistingEmployee.helpers({\n    employee: function () {\n        function employee() {\n            return Employee.find();\n        }\n\n        return employee;\n    }()\n});","ast":null,"map":{"version":3,"sources":["/client/js/main.js"],"names":[],"mappings":";AACA,SAAS,sBAAT,CAAgC,SAAhC,CAA0C,YAAU;AAChD,QAAI,OAAO,IAAX;AACA,SAAK,OAAL,CAAa,YAAU;AACnB,aAAK,SAAL,CAAe,UAAf;AACH,KAFD;AAGH,CALD;;;;;;AAYA,SAAS,sBAAT,CAAgC,OAAhC,CAAwC;AACpC;AAAU,4BAAU;AAClB,mBAAO,SAAS,IAAT,EAAP;AACD;;AAFD;AAAA;AADoC,CAAxC","file":"/client/js/main.js.map","sourcesContent":["\nTemplate.ManageExistingEmployee.onCreated(function(){\n    var self = this;\n    self.autorun(function(){\n        self.subscribe('employee');\n    });\n});\n\n\n// Template.ManageExistingEmployee.helpers({\n//\n// });\n\nTemplate.ManageExistingEmployee.helpers({\n    employee: function(){\n      return Employee.find();\n    }\n});\n"]},"hash":"62d2a60d80b496e89d91492112bced3a3ce53094"}
