{"metadata":{"usedHelpers":[],"marked":[],"modules":{"imports":[{"source":"meteor/meteor","imported":["Meteor"],"specifiers":[{"kind":"named","imported":"Meteor","local":"Meteor"}]}],"exports":{"exported":[],"specifiers":[]}}},"options":{"filename":"/server/main.js","filenameRelative":"/server/main.js","env":{},"retainLines":false,"highlightCode":true,"suppressDeprecationMessages":false,"presets":[],"plugins":[[[],{"polyfill":false}],[[],null],[[],null],[[],null],[[],null],[[],null],[[],null],[[],null],[[],null],[[],null],[[],null],[[],null],[[],null],[[],null],[[],{"loose":true}],[[],{"loose":true}],[[],null],[[],{"loose":true}],[[],null],[[],null],[[],null],[[],null],[[],null],[[],null],[[],null],[[],{"loose":true}],[[],null],[[],null],[[],null],[[],null],[[],null],[[],null],[[],null],[[],null]],"ignore":[],"code":true,"metadata":true,"ast":false,"comments":true,"compact":false,"minified":false,"sourceMap":true,"sourceMaps":true,"sourceMapTarget":"/server/main.js.map","sourceFileName":"/server/main.js","babelrc":false,"sourceType":"module","moduleIds":false,"passPerPreset":false,"basename":"main"},"ignored":false,"code":"var Meteor;module.import('meteor/meteor',{\"Meteor\":function(v){Meteor=v}});\n\nMeteor.methods({\n  addEmployee: function addEmployee(employee) {\n    Employee.insert(employee);\n  },\n  deleteEmployee: function deleteEmployee(userID) {\n    Employee.remove({ _id: userID });\n    Meteor.call('deleteEmployee');\n  }\n});","ast":null,"map":{"version":3,"sources":["/server/main.js"],"names":[],"mappings":"AAAA,SAAS,MAAT,QAAuB,eAAvB;;AAEA,OAAO,OAAP,CAAe;AACb,eAAa,qBAAS,QAAT,EAAkB;AAC7B,aAAS,MAAT,CAAgB,QAAhB;AACD,GAHY;AAIb,kBAAgB,wBAAS,MAAT,EAAgB;AAC9B,aAAS,MAAT,CAAgB,EAAC,KAAK,MAAN,EAAhB;AACA,WAAO,IAAP,CAAY,gBAAZ;AACD;AAPY,CAAf","file":"/server/main.js.map","sourcesContent":["import { Meteor } from 'meteor/meteor';\n\nMeteor.methods({\n  addEmployee: function(employee){\n    Employee.insert(employee);\n  },\n  deleteEmployee: function(userID){\n    Employee.remove({_id: userID});\n    Meteor.call('deleteEmployee');\n  }\n});\n"]},"hash":"63c7d31f6a5f43b4583787c32dfaa22d275a720c"}
