{"metadata":{"usedHelpers":[],"marked":[],"modules":{"imports":[],"exports":{"exported":[],"specifiers":[]}}},"options":{"filename":"/lib/routes.js","filenameRelative":"/lib/routes.js","env":{},"retainLines":false,"highlightCode":true,"suppressDeprecationMessages":false,"presets":[],"plugins":[[[],{"polyfill":false}],[[],null],[[],null],[[],null],[[],null],[[],null],[[],null],[[],null],[[],null],[[],null],[[],null],[[],null],[[],null],[[],null],[[],null],[[],null],[[],{"loose":true}],[[],{"loose":true}],[[],null],[[],{"loose":true}],[[],null],[[],null],[[],null],[[],null],[[],null],[[],null],[[],null],[[],{"loose":true}],[[],null],[[],null],[[],null],[[],null],[[],null],[[],null],[[],null],[[],null]],"ignore":[],"code":true,"metadata":true,"ast":false,"comments":true,"compact":false,"minified":false,"sourceMap":true,"sourceMaps":true,"sourceMapTarget":"/lib/routes.js.map","sourceFileName":"/lib/routes.js","babelrc":false,"sourceType":"module","moduleIds":false,"passPerPreset":false,"basename":"routes"},"ignored":false,"code":"FlowRouter.route('/', {\n  name: 'home',\n  action: function () {\n    function action() {\n      BlazeLayout.render('home');\n    }\n\n    return action;\n  }()\n});\n\nFlowRouter.route('/AddNewEmployee', {\n  name: 'Add New Employee',\n  action: function () {\n    function action() {\n      BlazeLayout.render('main', { content: 'AddNewEmployee' });\n    }\n\n    return action;\n  }()\n});\n\nFlowRouter.route('/ManageDeptandTitles', {\n  name: 'Manage Dept Titles',\n  action: function () {\n    function action() {\n      BlazeLayout.render('main', { content: 'ManageDeptandTitles' });\n    }\n\n    return action;\n  }()\n});\n\nFlowRouter.route('/ManageExistingEmployee', {\n  name: 'Manage Existing Employee',\n  action: function () {\n    function action() {\n      BlazeLayout.render('main', { content: 'ManageExistingEmployee' });\n    }\n\n    return action;\n  }()\n});","ast":null,"map":{"version":3,"sources":["/lib/routes.js"],"names":[],"mappings":"AAAA,WAAW,KAAX,CAAiB,GAAjB,EAAsB;AACpB,QAAM,MADc;AAEpB;AAAQ,sBAAU;AAChB,kBAAY,MAAZ,CAAmB,MAAnB;AACD;;AAFD;AAAA;AAFoB,CAAtB;;AAOA,WAAW,KAAX,CAAiB,iBAAjB,EAAoC;AAClC,QAAM,kBAD4B;AAElC;AAAQ,sBAAW;AACjB,kBAAY,MAAZ,CAAmB,MAAnB,EAA2B,EAAC,SAAS,gBAAV,EAA3B;AACD;;AAFD;AAAA;AAFkC,CAApC;;AAOA,WAAW,KAAX,CAAiB,sBAAjB,EAAyC;AACvC,QAAM,oBADiC;AAEvC;AAAQ,sBAAW;AACjB,kBAAY,MAAZ,CAAmB,MAAnB,EAA2B,EAAC,SAAS,qBAAV,EAA3B;AACD;;AAFD;AAAA;AAFuC,CAAzC;;AAOA,WAAW,KAAX,CAAiB,yBAAjB,EAA4C;AAC1C,QAAM,0BADoC;AAE1C;AAAQ,sBAAW;AACjB,kBAAY,MAAZ,CAAmB,MAAnB,EAA2B,EAAC,SAAS,wBAAV,EAA3B;AACD;;AAFD;AAAA;AAF0C,CAA5C","file":"/lib/routes.js.map","sourcesContent":["FlowRouter.route('/', {\n  name: 'home',\n  action: function(){\n    BlazeLayout.render('home');\n  },\n});\n\nFlowRouter.route('/AddNewEmployee', {\n  name: 'Add New Employee',\n  action: function (){\n    BlazeLayout.render('main', {content: 'AddNewEmployee'});\n  },\n});\n\nFlowRouter.route('/ManageDeptandTitles', {\n  name: 'Manage Dept Titles',\n  action: function (){\n    BlazeLayout.render('main', {content: 'ManageDeptandTitles'});\n  },\n});\n\nFlowRouter.route('/ManageExistingEmployee', {\n  name: 'Manage Existing Employee',\n  action: function (){\n    BlazeLayout.render('main', {content: 'ManageExistingEmployee'});\n  },\n});\n"]},"hash":"6edc1130c8fb504257903f8a85f6027dd418b524"}
