{"metadata":{"usedHelpers":[],"marked":[],"modules":{"imports":[],"exports":{"exported":[],"specifiers":[]}}},"options":{"filename":"/client/js/employeeListing.js","filenameRelative":"/client/js/employeeListing.js","env":{},"retainLines":false,"highlightCode":true,"suppressDeprecationMessages":false,"presets":[],"plugins":[[[],{"polyfill":false}],[[],null],[[],null],[[],null],[[],null],[[],null],[[],null],[[],null],[[],null],[[],null],[[],null],[[],null],[[],null],[[],null],[[],null],[[],null],[[],{"loose":true}],[[],{"loose":true}],[[],null],[[],{"loose":true}],[[],null],[[],null],[[],null],[[],null],[[],null],[[],null],[[],null],[[],{"loose":true}],[[],null],[[],null],[[],null],[[],null],[[],null],[[],null],[[],null],[[],null]],"ignore":[],"code":true,"metadata":true,"ast":false,"comments":true,"compact":false,"minified":false,"sourceMap":true,"sourceMaps":true,"sourceMapTarget":"/client/js/employeeListing.js.map","sourceFileName":"/client/js/employeeListing.js","babelrc":false,"sourceType":"module","moduleIds":false,"passPerPreset":false,"basename":"employeeListing"},"ignored":false,"code":"Template.ManageExistingEmployee.onCreated(function () {\n  var self = this;\n  self.autorun(function () {\n    self.subscribe('employee');\n  });\n});\n\n// Template.ManageExistingEmployee.events({\n//\n// });\n\nTemplate.ManageExistingEmployee.events({\n  click: function () {\n    function click() {\n      return Employee.find();\n    }\n\n    return click;\n  }()\n});\n\n// Template.ManageExistingEmployee.helpers({\n//\n// });\n\nTemplate.ManageExistingEmployee.helpers({\n  employee: function () {\n    function employee() {\n      return Employee.find();\n    }\n\n    return employee;\n  }(),\n  selectedClass: function () {\n    function selectedClass() {\n      return selected();\n    }\n\n    return selectedClass;\n  }()\n});","ast":null,"map":{"version":3,"sources":["/client/js/employeeListing.js"],"names":[],"mappings":"AAAA,SAAS,sBAAT,CAAgC,SAAhC,CAA0C,YAAU;AAChD,MAAI,OAAO,IAAX;AACA,OAAK,OAAL,CAAa,YAAU;AACnB,SAAK,SAAL,CAAe,UAAf;AACH,GAFD;AAGH,CALD;;;;;;AAYA,SAAS,sBAAT,CAAgC,MAAhC,CAAuC;AACnC;AAAO,qBAAW;AAChB,aAAO,SAAS,IAAT,EAAP;AACD;;AAFD;AAAA;AADmC,CAAvC;;;;;;AAYA,SAAS,sBAAT,CAAgC,OAAhC,CAAwC;AACpC;AAAU,wBAAW;AACnB,aAAO,SAAS,IAAT,EAAP;AACD;;AAFD;AAAA,KADoC;AAIpC;AAAc,6BAAU;AACtB,aAAO,UAAP;AACD;;AAFD;AAAA;AAJoC,CAAxC","file":"/client/js/employeeListing.js.map","sourcesContent":["Template.ManageExistingEmployee.onCreated(function(){\n    var self = this;\n    self.autorun(function(){\n        self.subscribe('employee');\n    });\n});\n\n\n// Template.ManageExistingEmployee.events({\n//\n// });\n\nTemplate.ManageExistingEmployee.events({\n    click: function() {\n      return Employee.find();\n    }\n  });\n\n\n\n// Template.ManageExistingEmployee.helpers({\n//\n// });\n\nTemplate.ManageExistingEmployee.helpers({\n    employee: function() {\n      return Employee.find();\n    },\n    selectedClass:function(){\n      return selected ();\n    }\n});\n"]},"hash":"72f13445f302978e9feb780ce79a3621c84991c6"}
