{"metadata":{"usedHelpers":[],"marked":[],"modules":{"imports":[],"exports":{"exported":[],"specifiers":[]}}},"options":{"filename":"/client/js/main.js","filenameRelative":"/client/js/main.js","env":{},"retainLines":false,"highlightCode":true,"suppressDeprecationMessages":false,"presets":[],"plugins":[[[],{"polyfill":false}],[[],null],[[],null],[[],null],[[],null],[[],null],[[],null],[[],null],[[],null],[[],null],[[],null],[[],null],[[],null],[[],null],[[],null],[[],null],[[],{"loose":true}],[[],{"loose":true}],[[],null],[[],{"loose":true}],[[],null],[[],null],[[],null],[[],null],[[],null],[[],null],[[],null],[[],{"loose":true}],[[],null],[[],null],[[],null],[[],null],[[],null],[[],null],[[],null],[[],null]],"ignore":[],"code":true,"metadata":true,"ast":false,"comments":true,"compact":false,"minified":false,"sourceMap":true,"sourceMaps":true,"sourceMapTarget":"/client/js/main.js.map","sourceFileName":"/client/js/main.js","babelrc":false,"sourceType":"module","moduleIds":false,"passPerPreset":false,"basename":"main"},"ignored":false,"code":"console.log('client side javascript is working!');","ast":null,"map":{"version":3,"sources":["/client/js/main.js"],"names":[],"mappings":"AAAA,QAAQ,GAAR,CAAY,oCAAZ","file":"/client/js/main.js.map","sourcesContent":["console.log('client side javascript is working!');\n"]},"hash":"7bf6a03bed7e959d80c69b3f77052326d0c12f24"}
