{"metadata":{"usedHelpers":[],"marked":[],"modules":{"imports":[],"exports":{"exported":[],"specifiers":[]}}},"options":{"filename":"/server/main.js","filenameRelative":"/server/main.js","env":{},"retainLines":false,"highlightCode":true,"suppressDeprecationMessages":false,"presets":[],"plugins":[[[],{"polyfill":false}],[[],null],[[],null],[[],null],[[],null],[[],null],[[],null],[[],null],[[],null],[[],null],[[],null],[[],null],[[],null],[[],null],[[],{"loose":true}],[[],{"loose":true}],[[],null],[[],{"loose":true}],[[],null],[[],null],[[],null],[[],null],[[],null],[[],null],[[],null],[[],{"loose":true}],[[],null],[[],null],[[],null],[[],null],[[],null],[[],null],[[],null],[[],null]],"ignore":[],"code":true,"metadata":true,"ast":false,"comments":true,"compact":false,"minified":false,"sourceMap":true,"sourceMaps":true,"sourceMapTarget":"/server/main.js.map","sourceFileName":"/server/main.js","babelrc":false,"sourceType":"module","moduleIds":false,"passPerPreset":false,"basename":"main"},"ignored":false,"code":"Meteor.startup(function () {\n  // code to run on server at startup\n});","ast":null,"map":{"version":3,"sources":["/server/main.js"],"names":[],"mappings":"AAAA,OAAO,OAAP,CAAgB,YAAU;;AAEzB,CAFD","file":"/server/main.js.map","sourcesContent":["Meteor.startup( function(){\n  // code to run on server at startup\n});\n"]},"hash":"8a43003dbdf440c44bf1b4725156d01608f4939b"}
