{"metadata":{"usedHelpers":[],"marked":[],"modules":{"imports":[],"exports":{"exported":[],"specifiers":[]}}},"options":{"filename":"/lib/routes.js","filenameRelative":"/lib/routes.js","env":{},"retainLines":false,"highlightCode":true,"suppressDeprecationMessages":false,"presets":[],"plugins":[[[],{"polyfill":false}],[[],null],[[],null],[[],null],[[],null],[[],null],[[],null],[[],null],[[],null],[[],null],[[],null],[[],null],[[],null],[[],null],[[],null],[[],null],[[],{"loose":true}],[[],{"loose":true}],[[],null],[[],{"loose":true}],[[],null],[[],null],[[],null],[[],null],[[],null],[[],null],[[],null],[[],{"loose":true}],[[],null],[[],null],[[],null],[[],null],[[],null],[[],null],[[],null],[[],null]],"ignore":[],"code":true,"metadata":true,"ast":false,"comments":true,"compact":false,"minified":false,"sourceMap":true,"sourceMaps":true,"sourceMapTarget":"/lib/routes.js.map","sourceFileName":"/lib/routes.js","babelrc":false,"sourceType":"module","moduleIds":false,"passPerPreset":false,"basename":"routes"},"ignored":false,"code":"FlowRouter.route('/', {\n  name: 'home',\n  action: function () {\n    function action() {\n      BlazeLayout.render('home');\n    }\n\n    return action;\n  }()\n});\n\nFlowRouter.route('/Add', {\n  name: 'Add New Employee',\n  action: function () {\n    function action() {\n      BlazeLayout.render('main', { content: 'AddNewEmployee' });\n    }\n\n    return action;\n  }()\n});\n\nFlowRouter.route('/ManageDeptTitles', {\n  name: 'Manage Dept Titles',\n  action: function () {\n    function action() {\n      BlazeLayout.render('main', { content: 'ManageDeptandTitles' });\n    }\n\n    return action;\n  }()\n});\n\nFlowRouter.route('/manage', {\n  name: 'Manage Existing Employee',\n  action: function () {\n    function action() {\n      BlazeLayout.render('main', { content: 'ManageExistingEmployee' });\n    }\n\n    return action;\n  }()\n});","ast":null,"map":{"version":3,"sources":["/lib/routes.js"],"names":[],"mappings":"AAAA,WAAW,KAAX,CAAiB,GAAjB,EAAsB;AACpB,QAAM,MADc;AAEpB;AAAQ,sBAAU;AAChB,kBAAY,MAAZ,CAAmB,MAAnB;AACD;;AAFD;AAAA;AAFoB,CAAtB;;AAOA,WAAW,KAAX,CAAiB,MAAjB,EAAyB;AACvB,QAAM,kBADiB;AAEvB;AAAQ,sBAAW;AACjB,kBAAY,MAAZ,CAAmB,MAAnB,EAA2B,EAAC,SAAS,gBAAV,EAA3B;AACD;;AAFD;AAAA;AAFuB,CAAzB;;AAOA,WAAW,KAAX,CAAiB,mBAAjB,EAAsC;AACpC,QAAM,oBAD8B;AAEpC;AAAQ,sBAAW;AACjB,kBAAY,MAAZ,CAAmB,MAAnB,EAA2B,EAAC,SAAS,qBAAV,EAA3B;AACD;;AAFD;AAAA;AAFoC,CAAtC;;AAOA,WAAW,KAAX,CAAiB,SAAjB,EAA4B;AAC1B,QAAM,0BADoB;AAE1B;AAAQ,sBAAW;AACjB,kBAAY,MAAZ,CAAmB,MAAnB,EAA2B,EAAC,SAAS,wBAAV,EAA3B;AACD;;AAFD;AAAA;AAF0B,CAA5B","file":"/lib/routes.js.map","sourcesContent":["FlowRouter.route('/', {\n  name: 'home',\n  action: function(){\n    BlazeLayout.render('home');\n  },\n});\n\nFlowRouter.route('/Add', {\n  name: 'Add New Employee',\n  action: function (){\n    BlazeLayout.render('main', {content: 'AddNewEmployee'});\n  },\n});\n\nFlowRouter.route('/ManageDeptTitles', {\n  name: 'Manage Dept Titles',\n  action: function (){\n    BlazeLayout.render('main', {content: 'ManageDeptandTitles'});\n  },\n});\n\nFlowRouter.route('/manage', {\n  name: 'Manage Existing Employee',\n  action: function (){\n    BlazeLayout.render('main', {content: 'ManageExistingEmployee'});\n  },\n});\n"]},"hash":"a774c12c53488db15f2b52beeb68b2ef7d8c13d6"}
