{"metadata":{"usedHelpers":[],"marked":[],"modules":{"imports":[],"exports":{"exported":[],"specifiers":[]}}},"options":{"filename":"/collections/employees.js","filenameRelative":"/collections/employees.js","env":{},"retainLines":false,"highlightCode":true,"suppressDeprecationMessages":false,"presets":[],"plugins":[[[],{"polyfill":false}],[[],null],[[],null],[[],null],[[],null],[[],null],[[],null],[[],null],[[],null],[[],null],[[],null],[[],null],[[],null],[[],null],[[],{"loose":true}],[[],{"loose":true}],[[],null],[[],{"loose":true}],[[],null],[[],null],[[],null],[[],null],[[],null],[[],null],[[],null],[[],{"loose":true}],[[],null],[[],null],[[],null],[[],null],[[],null],[[],null],[[],null],[[],null]],"ignore":[],"code":true,"metadata":true,"ast":false,"comments":true,"compact":false,"minified":false,"sourceMap":true,"sourceMaps":true,"sourceMapTarget":"/collections/employees.js.map","sourceFileName":"/collections/employees.js","babelrc":false,"sourceType":"module","moduleIds":false,"passPerPreset":false,"basename":"employees"},"ignored":false,"code":"//new employee database\nEmployee = new Meteor.Collection('employee');\n\nEmployee.insert({\n  \"employee_number\": \"L12345\",\n  \"first_name\": \"Kelly\",\n  \"last_name\": \"Smith\",\n  \"gender\": \"female\",\n  \"email\": \"ksmith@mymeteorproject1.com\",\n  \"department\": \"Marketing\",\n  \"job_title\": \"Vice President\"\n});","ast":null,"map":{"version":3,"sources":["/collections/employees.js"],"names":[],"mappings":";AACA,WAAW,IAAI,OAAO,UAAX,CAAsB,UAAtB,CAAX;;AAEA,SAAS,MAAT,CAAgB;AAChB,qBAAkB,QADF;AAEhB,gBAAa,OAFG;AAGhB,eAAY,OAHI;AAIhB,YAAS,QAJO;AAKhB,WAAQ,6BALQ;AAMhB,gBAAa,WANG;AAOhB,eAAY;AAPI,CAAhB","file":"/collections/employees.js.map","sourcesContent":["//new employee database\nEmployee = new Meteor.Collection('employee');\n\nEmployee.insert({\n\"employee_number\":\"L12345\",\n\"first_name\":\"Kelly\",\n\"last_name\":\"Smith\",\n\"gender\":\"female\",\n\"email\":\"ksmith@mymeteorproject1.com\",\n\"department\":\"Marketing\",\n\"job_title\":\"Vice President\"\n});\n"]},"hash":"a8c877417a3fafb27cc47cbd13f984c89b7db33a"}
