{"metadata":{"usedHelpers":[],"marked":[],"modules":{"imports":[],"exports":{"exported":[],"specifiers":[]}}},"options":{"filename":"/collections/employees.js","filenameRelative":"/collections/employees.js","env":{},"retainLines":false,"highlightCode":true,"suppressDeprecationMessages":false,"presets":[],"plugins":[[[],{"polyfill":false}],[[],null],[[],null],[[],null],[[],null],[[],null],[[],null],[[],null],[[],null],[[],null],[[],null],[[],null],[[],null],[[],null],[[],null],[[],null],[[],{"loose":true}],[[],{"loose":true}],[[],null],[[],{"loose":true}],[[],null],[[],null],[[],null],[[],null],[[],null],[[],null],[[],null],[[],{"loose":true}],[[],null],[[],null],[[],null],[[],null],[[],null],[[],null],[[],null],[[],null]],"ignore":[],"code":true,"metadata":true,"ast":false,"comments":true,"compact":false,"minified":false,"sourceMap":true,"sourceMaps":true,"sourceMapTarget":"/collections/employees.js.map","sourceFileName":"/collections/employees.js","babelrc":false,"sourceType":"module","moduleIds":false,"passPerPreset":false,"basename":"employees"},"ignored":false,"code":"//new employee database\nEmployee = new Meteor.Collection('employee');\n\n//Delete All Records\nEmployee.remove({});\n\nEmployee.insert({\n  \"employee_number\": \"L12345\",\n  \"first_name\": \"Kelly\",\n  \"last_name\": \"Smith\",\n  \"gender\": \"female\",\n  \"email\": \"ksmith@mymeteorproject1.com\",\n  \"department\": \"Marketing\",\n  \"job_title\": \"Vice President\"\n});\n\n// Insert data into mymeteorproject1 Collection\n\nEmployee.insert({\n  \"employee_number\": \"L12346\",\n  \"first_name\": \"John\",\n  \"last_name\": \"Jones\",\n  \"gender\": \"male\",\n  \"email\": \"jjones@mymeteorproject1.com\",\n  \"department\": \"Sales\",\n  \"job_title\": \"Vice President\"\n});\n\nEmployee.insert({\n  \"employee_number\": \"L12347\",\n  \"first_name\": \"Mary\",\n  \"last_name\": \"Mueller\",\n  \"gender\": \"female\",\n  \"email\": \"mmueller@mymeteorproject1.com\",\n  \"department\": \"Operations\",\n  \"job_title\": \"Senior Manager\"\n});","ast":null,"map":{"version":3,"sources":["/collections/employees.js"],"names":[],"mappings":";AACA,WAAW,IAAI,OAAO,UAAX,CAAsB,UAAtB,CAAX;;;AAGA,SAAS,MAAT,CAAgB,EAAhB;;AAEA,SAAS,MAAT,CAAgB;AAChB,qBAAkB,QADF;AAEhB,gBAAa,OAFG;AAGhB,eAAY,OAHI;AAIhB,YAAS,QAJO;AAKhB,WAAQ,6BALQ;AAMhB,gBAAa,WANG;AAOhB,eAAY;AAPI,CAAhB;;;;AAYA,SAAS,MAAT,CAAgB;AAChB,qBAAkB,QADF;AAEhB,gBAAa,MAFG;AAGhB,eAAY,OAHI;AAIhB,YAAS,MAJO;AAKhB,WAAQ,6BALQ;AAMhB,gBAAa,OANG;AAOhB,eAAY;AAPI,CAAhB;;AAUA,SAAS,MAAT,CAAgB;AAChB,qBAAkB,QADF;AAEhB,gBAAa,MAFG;AAGhB,eAAY,SAHI;AAIhB,YAAS,QAJO;AAKhB,WAAQ,+BALQ;AAMhB,gBAAa,YANG;AAOhB,eAAY;AAPI,CAAhB","file":"/collections/employees.js.map","sourcesContent":["//new employee database\nEmployee = new Meteor.Collection('employee');\n\n//Delete All Records\nEmployee.remove({});\n\nEmployee.insert({\n\"employee_number\":\"L12345\",\n\"first_name\":\"Kelly\",\n\"last_name\":\"Smith\",\n\"gender\":\"female\",\n\"email\":\"ksmith@mymeteorproject1.com\",\n\"department\":\"Marketing\",\n\"job_title\":\"Vice President\"\n});\n\n// Insert data into mymeteorproject1 Collection\n\nEmployee.insert({\n\"employee_number\":\"L12346\",\n\"first_name\":\"John\",\n\"last_name\":\"Jones\",\n\"gender\":\"male\",\n\"email\":\"jjones@mymeteorproject1.com\",\n\"department\":\"Sales\",\n\"job_title\":\"Vice President\"\n});\n\nEmployee.insert({\n\"employee_number\":\"L12347\",\n\"first_name\":\"Mary\",\n\"last_name\":\"Mueller\",\n\"gender\":\"female\",\n\"email\":\"mmueller@mymeteorproject1.com\",\n\"department\":\"Operations\",\n\"job_title\":\"Senior Manager\"\n});\n"]},"hash":"bfd330d9f8c3a6f454bcb50b4aa9e268b4a31813"}
