{"metadata":{"usedHelpers":[],"marked":[],"modules":{"imports":[],"exports":{"exported":[],"specifiers":[]}}},"options":{"filename":"/client/js/employeeListing.js","filenameRelative":"/client/js/employeeListing.js","env":{},"retainLines":false,"highlightCode":true,"suppressDeprecationMessages":false,"presets":[],"plugins":[[[],{"polyfill":false}],[[],null],[[],null],[[],null],[[],null],[[],null],[[],null],[[],null],[[],null],[[],null],[[],null],[[],null],[[],null],[[],null],[[],null],[[],null],[[],{"loose":true}],[[],{"loose":true}],[[],null],[[],{"loose":true}],[[],null],[[],null],[[],null],[[],null],[[],null],[[],null],[[],null],[[],{"loose":true}],[[],null],[[],null],[[],null],[[],null],[[],null],[[],null],[[],null],[[],null]],"ignore":[],"code":true,"metadata":true,"ast":false,"comments":true,"compact":false,"minified":false,"sourceMap":true,"sourceMaps":true,"sourceMapTarget":"/client/js/employeeListing.js.map","sourceFileName":"/client/js/employeeListing.js","babelrc":false,"sourceType":"module","moduleIds":false,"passPerPreset":false,"basename":"employeeListing"},"ignored":false,"code":"Template.ManageExistingEmployee.onCreated(function () {\n    var self = this;\n    self.autorun(function () {\n        self.subscribe('employee');\n    });\n});\n\n// Template.ManageExistingEmployee.events({\n//\n// });\n\nTemplate.ManageExistingEmployee.helpers({\n    employee: function () {\n        function employee() {\n            return Employee.find();\n        }\n\n        return employee;\n    }()\n});","ast":null,"map":{"version":3,"sources":["/client/js/employeeListing.js"],"names":[],"mappings":"AAAA,SAAS,sBAAT,CAAgC,SAAhC,CAA0C,YAAU;AAChD,QAAI,OAAO,IAAX;AACA,SAAK,OAAL,CAAa,YAAU;AACnB,aAAK,SAAL,CAAe,UAAf;AACH,KAFD;AAGH,CALD;;;;;;AAWA,SAAS,sBAAT,CAAgC,OAAhC,CAAwC;AACpC;AAAU,4BAAW;AACnB,mBAAO,SAAS,IAAT,EAAP;AACD;;AAFD;AAAA;AADoC,CAAxC","file":"/client/js/employeeListing.js.map","sourcesContent":["Template.ManageExistingEmployee.onCreated(function(){\n    var self = this;\n    self.autorun(function(){\n        self.subscribe('employee');\n    });\n});\n\n// Template.ManageExistingEmployee.events({\n//\n// });\n\nTemplate.ManageExistingEmployee.helpers({\n    employee: function() {\n      return Employee.find();\n    }\n});\n"]},"hash":"c2188b79fef6f7f3f9fce05d22452f7f2ff976c3"}
