{"metadata":{"usedHelpers":[],"marked":[],"modules":{"imports":[],"exports":{"exported":[],"specifiers":[]}}},"options":{"filename":"/lib/routes.js","filenameRelative":"/lib/routes.js","env":{},"retainLines":false,"highlightCode":true,"suppressDeprecationMessages":false,"presets":[],"plugins":[[[],{"polyfill":false}],[[],null],[[],null],[[],null],[[],null],[[],null],[[],null],[[],null],[[],null],[[],null],[[],null],[[],null],[[],null],[[],null],[[],null],[[],null],[[],{"loose":true}],[[],{"loose":true}],[[],null],[[],{"loose":true}],[[],null],[[],null],[[],null],[[],null],[[],null],[[],null],[[],null],[[],{"loose":true}],[[],null],[[],null],[[],null],[[],null],[[],null],[[],null],[[],null],[[],null]],"ignore":[],"code":true,"metadata":true,"ast":false,"comments":true,"compact":false,"minified":false,"sourceMap":true,"sourceMaps":true,"sourceMapTarget":"/lib/routes.js.map","sourceFileName":"/lib/routes.js","babelrc":false,"sourceType":"module","moduleIds":false,"passPerPreset":false,"basename":"routes"},"ignored":false,"code":"FlowRouter.route('/', {\n  name: 'home',\n  action: function () {\n    function action() {\n      BlazeLayout.render('home');\n    }\n\n    return action;\n  }()\n});\n\nFlowRouter.route('/AddNewEmployee', {\n  name: 'home',\n  action: function () {\n    function action() {\n      BlazeLayout.render('main', { main: 'AddNewEmployee' });\n    }\n\n    return action;\n  }()\n});\nFlowRouter.route('/ManageDeptandTitles', {\n  name: 'home',\n  action: function () {\n    function action() {\n      BlazeLayout.render('main', { main: 'ManageDeptandTitles' });\n    }\n\n    return action;\n  }()\n});\n\nFlowRouter.route('/manageexistingemployee', {\n  name: 'home',\n  action: function () {\n    function action() {\n      BlazeLayout.render('main', { main: 'manageexistingemployee' });\n    }\n\n    return action;\n  }()\n});","ast":null,"map":{"version":3,"sources":["/lib/routes.js"],"names":[],"mappings":"AAAA,WAAW,KAAX,CAAiB,GAAjB,EAAsB;AACtB,QAAM,MADgB;AAEtB;AAAQ,sBAAU;AAChB,kBAAY,MAAZ,CAAmB,MAAnB;AACD;;AAFD;AAAA;AAFsB,CAAtB;;AAOA,WAAW,KAAX,CAAiB,iBAAjB,EAAoC;AAClC,QAAM,MAD4B;AAElC;AAAQ,sBAAW;AACjB,kBAAY,MAAZ,CAAmB,MAAnB,EAA2B,EAAC,MAAM,gBAAP,EAA3B;AACD;;AAFD;AAAA;AAFkC,CAApC;AAMA,WAAW,KAAX,CAAiB,sBAAjB,EAAyC;AACvC,QAAM,MADiC;AAEvC;AAAQ,sBAAW;AACjB,kBAAY,MAAZ,CAAmB,MAAnB,EAA2B,EAAC,MAAM,qBAAP,EAA3B;AACD;;AAFD;AAAA;AAFuC,CAAzC;;AAOA,WAAW,KAAX,CAAiB,yBAAjB,EAA4C;AAC1C,QAAM,MADoC;AAE1C;AAAQ,sBAAW;AACjB,kBAAY,MAAZ,CAAmB,MAAnB,EAA2B,EAAC,MAAM,wBAAP,EAA3B;AACD;;AAFD;AAAA;AAF0C,CAA5C","file":"/lib/routes.js.map","sourcesContent":["FlowRouter.route('/', {\nname: 'home',\naction: function(){\n  BlazeLayout.render('home');\n},\n});\n\nFlowRouter.route('/AddNewEmployee', {\n  name: 'home',\n  action: function (){\n    BlazeLayout.render('main', {main: 'AddNewEmployee'});\n  },\n});\nFlowRouter.route('/ManageDeptandTitles', {\n  name: 'home',\n  action: function (){\n    BlazeLayout.render('main', {main: 'ManageDeptandTitles'});\n  },\n});\n\nFlowRouter.route('/manageexistingemployee', {\n  name: 'home',\n  action: function (){\n    BlazeLayout.render('main', {main: 'manageexistingemployee'});\n  },\n});\n"]},"hash":"e34b0963d1e92d1fe31d3059669b812480c8ad62"}
