{"metadata":{"usedHelpers":[],"marked":[],"modules":{"imports":[],"exports":{"exported":[],"specifiers":[]}}},"options":{"filename":"/collections/employees.js","filenameRelative":"/collections/employees.js","env":{},"retainLines":false,"highlightCode":true,"suppressDeprecationMessages":false,"presets":[],"plugins":[[[],{"polyfill":false}],[[],null],[[],null],[[],null],[[],null],[[],null],[[],null],[[],null],[[],null],[[],null],[[],null],[[],null],[[],null],[[],null],[[],null],[[],null],[[],{"loose":true}],[[],{"loose":true}],[[],null],[[],{"loose":true}],[[],null],[[],null],[[],null],[[],null],[[],null],[[],null],[[],null],[[],{"loose":true}],[[],null],[[],null],[[],null],[[],null],[[],null],[[],null],[[],null],[[],null]],"ignore":[],"code":true,"metadata":true,"ast":false,"comments":true,"compact":false,"minified":false,"sourceMap":true,"sourceMaps":true,"sourceMapTarget":"/collections/employees.js.map","sourceFileName":"/collections/employees.js","babelrc":false,"sourceType":"module","moduleIds":false,"passPerPreset":false,"basename":"employees"},"ignored":false,"code":"// new employee database\nEmployee = new Meteor.Collection('employee');\n\n// Employee.remove({});\n\nEmployee.insert({\n  \"employee_number\": \"L12345\",\n  \"first_name\": \"Kelly\",\n  \"last_name\": \"Smith\",\n  \"gender\": \"female\",\n  \"email\": \"ksmith@mymeteorproject1.com\",\n  \"department\": \"Marketing\",\n  \"job_title\": \"Vice President\"\n});\n\n// Insert data into mymeteorproject1 Collection\n\nEmployee.insert({\n  \"employee_number\": \"L12346\",\n  \"first_name\": \"John\",\n  \"last_name\": \"Jones\",\n  \"gender\": \"male\",\n  \"email\": \"jjones@mymeteorproject1.com\",\n  \"department\": \"Sales\",\n  \"job_title\": \"Vice President\"\n});\n\nEmployee.insert({\n  \"employee_number\": \"L12347\",\n  \"first_name\": \"Mary\",\n  \"last_name\": \"Mueller\",\n  \"gender\": \"female\",\n  \"email\": \"mmueller@mymeteorproject1.com\",\n  \"department\": \"Operations\",\n  \"job_title\": \"Senior Manager\"\n});","ast":null,"map":{"version":3,"sources":["/collections/employees.js"],"names":[],"mappings":";AACA,WAAW,IAAI,OAAO,UAAX,CAAsB,UAAtB,CAAX;;;;AAIA,SAAS,MAAT,CAAgB;AACd,qBAAkB,QADJ;AAEd,gBAAa,OAFC;AAGd,eAAY,OAHE;AAId,YAAS,QAJK;AAKd,WAAQ,6BALM;AAMd,gBAAa,WANC;AAOd,eAAY;AAPE,CAAhB;;;;AAYA,SAAS,MAAT,CAAgB;AACd,qBAAkB,QADJ;AAEd,gBAAa,MAFC;AAGd,eAAY,OAHE;AAId,YAAS,MAJK;AAKd,WAAQ,6BALM;AAMd,gBAAa,OANC;AAOd,eAAY;AAPE,CAAhB;;AAUA,SAAS,MAAT,CAAgB;AACd,qBAAkB,QADJ;AAEd,gBAAa,MAFC;AAGd,eAAY,SAHE;AAId,YAAS,QAJK;AAKd,WAAQ,+BALM;AAMd,gBAAa,YANC;AAOd,eAAY;AAPE,CAAhB","file":"/collections/employees.js.map","sourcesContent":["// new employee database\nEmployee = new Meteor.Collection('employee');\n\n// Employee.remove({});\n\nEmployee.insert({\n  \"employee_number\":\"L12345\",\n  \"first_name\":\"Kelly\",\n  \"last_name\":\"Smith\",\n  \"gender\":\"female\",\n  \"email\":\"ksmith@mymeteorproject1.com\",\n  \"department\":\"Marketing\",\n  \"job_title\":\"Vice President\"\n});\n\n// Insert data into mymeteorproject1 Collection\n\nEmployee.insert({\n  \"employee_number\":\"L12346\",\n  \"first_name\":\"John\",\n  \"last_name\":\"Jones\",\n  \"gender\":\"male\",\n  \"email\":\"jjones@mymeteorproject1.com\",\n  \"department\":\"Sales\",\n  \"job_title\":\"Vice President\"\n});\n\nEmployee.insert({\n  \"employee_number\":\"L12347\",\n  \"first_name\":\"Mary\",\n  \"last_name\":\"Mueller\",\n  \"gender\":\"female\",\n  \"email\":\"mmueller@mymeteorproject1.com\",\n  \"department\":\"Operations\",\n  \"job_title\":\"Senior Manager\"\n});\n"]},"hash":"ea6be6a63ca2c90c37e90646e0f2b3d7b91145c8"}
