{"metadata":{"usedHelpers":[],"marked":[],"modules":{"imports":[],"exports":{"exported":[],"specifiers":[]}}},"options":{"filename":"/client/js/ManageDeptandTitles.js","filenameRelative":"/client/js/ManageDeptandTitles.js","env":{},"retainLines":false,"highlightCode":true,"suppressDeprecationMessages":false,"presets":[],"plugins":[[[],{"polyfill":false}],[[],null],[[],null],[[],null],[[],null],[[],null],[[],null],[[],null],[[],null],[[],null],[[],null],[[],null],[[],null],[[],null],[[],null],[[],null],[[],{"loose":true}],[[],{"loose":true}],[[],null],[[],{"loose":true}],[[],null],[[],null],[[],null],[[],null],[[],null],[[],null],[[],null],[[],{"loose":true}],[[],null],[[],null],[[],null],[[],null],[[],null],[[],null],[[],null],[[],null]],"ignore":[],"code":true,"metadata":true,"ast":false,"comments":true,"compact":false,"minified":false,"sourceMap":true,"sourceMaps":true,"sourceMapTarget":"/client/js/ManageDeptandTitles.js.map","sourceFileName":"/client/js/ManageDeptandTitles.js","babelrc":false,"sourceType":"module","moduleIds":false,"passPerPreset":false,"basename":"ManageDeptandTitles"},"ignored":false,"code":"Template.ManageDeptandTitles.onCreated(function () {\n    var self = this;\n    self.autorun(function () {\n        self.subscribe('employee');\n    });\n});\n\n// Template.ManageDeptandTitles.events({\n//\n// });\n\nTemplate.ManageDeptandTitles.events({\n    click: function () {\n        function click() {\n            return Employee.find();\n        }\n\n        return click;\n    }()\n});\n\n// Template.ManageDeptandTitles.helpers({\n//\n// });\n\nTemplate.ManageDeptandTitles.helpers({\n    employee: function () {\n        function employee() {\n            return Employee.find();\n        }\n\n        return employee;\n    }()\n});","ast":null,"map":{"version":3,"sources":["/client/js/ManageDeptandTitles.js"],"names":[],"mappings":"AAAA,SAAS,mBAAT,CAA6B,SAA7B,CAAuC,YAAU;AAC7C,QAAI,OAAO,IAAX;AACA,SAAK,OAAL,CAAa,YAAU;AACnB,aAAK,SAAL,CAAe,UAAf;AACH,KAFD;AAGH,CALD;;;;;;AAWA,SAAS,mBAAT,CAA6B,MAA7B,CAAoC;AAChC;AAAO,yBAAW;AAChB,mBAAO,SAAS,IAAT,EAAP;AACD;;AAFD;AAAA;AADgC,CAApC;;;;;;AAUA,SAAS,mBAAT,CAA6B,OAA7B,CAAqC;AACjC;AAAU,4BAAW;AACnB,mBAAO,SAAS,IAAT,EAAP;AACD;;AAFD;AAAA;AADiC,CAArC","file":"/client/js/ManageDeptandTitles.js.map","sourcesContent":["Template.ManageDeptandTitles.onCreated(function(){\n    var self = this;\n    self.autorun(function(){\n        self.subscribe('employee');\n    });\n});\n\n// Template.ManageDeptandTitles.events({\n//\n// });\n\nTemplate.ManageDeptandTitles.events({\n    click: function() {\n      return Employee.find();\n    }\n  });\n\n// Template.ManageDeptandTitles.helpers({\n//\n// });\n\nTemplate.ManageDeptandTitles.helpers({\n    employee: function() {\n      return Employee.find();\n    }\n});\n"]},"hash":"f01634ddd59d277b6d5be62cd947c6dfcc85af96"}
