{"metadata":{"usedHelpers":[],"marked":[],"modules":{"imports":[],"exports":{"exported":[],"specifiers":[]}}},"options":{"filename":"/lib/routes.js","filenameRelative":"/lib/routes.js","env":{},"retainLines":false,"highlightCode":true,"suppressDeprecationMessages":false,"presets":[],"plugins":[[[],{"polyfill":false}],[[],null],[[],null],[[],null],[[],null],[[],null],[[],null],[[],null],[[],null],[[],null],[[],null],[[],null],[[],null],[[],null],[[],null],[[],null],[[],{"loose":true}],[[],{"loose":true}],[[],null],[[],{"loose":true}],[[],null],[[],null],[[],null],[[],null],[[],null],[[],null],[[],null],[[],{"loose":true}],[[],null],[[],null],[[],null],[[],null],[[],null],[[],null],[[],null],[[],null]],"ignore":[],"code":true,"metadata":true,"ast":false,"comments":true,"compact":false,"minified":false,"sourceMap":true,"sourceMaps":true,"sourceMapTarget":"/lib/routes.js.map","sourceFileName":"/lib/routes.js","babelrc":false,"sourceType":"module","moduleIds":false,"passPerPreset":false,"basename":"routes"},"ignored":false,"code":"FlowRouter.route('/', {\n  name: 'home',\n  action: function () {\n    function action() {\n      BlazeLayout.render('home');\n    }\n\n    return action;\n  }()\n});\n\nFlowRouter.route('/test', {\n  name: 'home',\n  action: function () {\n    function action() {\n      BlazeLayout.render('main', { main: 'test' });\n    }\n\n    return action;\n  }()\n});","ast":null,"map":{"version":3,"sources":["/lib/routes.js"],"names":[],"mappings":"AAAA,WAAW,KAAX,CAAiB,GAAjB,EAAsB;AACtB,QAAM,MADgB;AAEtB;AAAQ,sBAAU;AAChB,kBAAY,MAAZ,CAAmB,MAAnB;AACD;;AAFD;AAAA;AAFsB,CAAtB;;AAOA,WAAW,KAAX,CAAiB,OAAjB,EAA0B;AACxB,QAAM,MADkB;AAExB;AAAQ,sBAAW;AACjB,kBAAY,MAAZ,CAAmB,MAAnB,EAA2B,EAAC,MAAM,MAAP,EAA3B;AACD;;AAFD;AAAA;AAFwB,CAA1B","file":"/lib/routes.js.map","sourcesContent":["FlowRouter.route('/', {\nname: 'home',\naction: function(){\n  BlazeLayout.render('home');\n},\n});\n\nFlowRouter.route('/test', {\n  name: 'home',\n  action: function (){\n    BlazeLayout.render('main', {main: 'test'});\n  },\n});\n"]},"hash":"f7ce78c32826ba248bb8c2b1a11b7e3307469236"}
