{"metadata":{"usedHelpers":[],"marked":[],"modules":{"imports":[],"exports":{"exported":[],"specifiers":[]}}},"options":{"filename":"/lib/routes.js","filenameRelative":"/lib/routes.js","env":{},"retainLines":false,"highlightCode":true,"suppressDeprecationMessages":false,"presets":[],"plugins":[[[],{"polyfill":false}],[[],null],[[],null],[[],null],[[],null],[[],null],[[],null],[[],null],[[],null],[[],null],[[],null],[[],null],[[],null],[[],null],[[],{"loose":true}],[[],{"loose":true}],[[],null],[[],{"loose":true}],[[],null],[[],null],[[],null],[[],null],[[],null],[[],null],[[],null],[[],{"loose":true}],[[],null],[[],null],[[],null],[[],null],[[],null],[[],null],[[],null],[[],null]],"ignore":[],"code":true,"metadata":true,"ast":false,"comments":true,"compact":false,"minified":false,"sourceMap":true,"sourceMaps":true,"sourceMapTarget":"/lib/routes.js.map","sourceFileName":"/lib/routes.js","babelrc":false,"sourceType":"module","moduleIds":false,"passPerPreset":false,"basename":"routes"},"ignored":false,"code":"FlowRouter.route('/', {\n  name: 'home',\n  action: function action() {\n    BlazeLayout.render('home');\n  }\n});\n\nFlowRouter.route('/test', {\n  name: 'home',\n  action: function action() {\n    BlazeLayout.render('main', { main: 'test' });\n  }\n});","ast":null,"map":{"version":3,"sources":["/lib/routes.js"],"names":[],"mappings":"AAAA,WAAW,KAAX,CAAiB,GAAjB,EAAsB;AACtB,QAAM,MADgB;AAEtB,UAAQ,kBAAU;AAChB,gBAAY,MAAZ,CAAmB,MAAnB;AACD;AAJqB,CAAtB;;AAOA,WAAW,KAAX,CAAiB,OAAjB,EAA0B;AACxB,QAAM,MADkB;AAExB,UAAQ,kBAAW;AACjB,gBAAY,MAAZ,CAAmB,MAAnB,EAA2B,EAAC,MAAM,MAAP,EAA3B;AACD;AAJuB,CAA1B","file":"/lib/routes.js.map","sourcesContent":["FlowRouter.route('/', {\nname: 'home',\naction: function(){\n  BlazeLayout.render('home');\n},\n});\n\nFlowRouter.route('/test', {\n  name: 'home',\n  action: function (){\n    BlazeLayout.render('main', {main: 'test'});\n  },\n});\n"]},"hash":"fe6dc5f453f92f833c1a6d296982f4b94ba30f7a"}
